sku;Produto
55200;CC 2,5L 6UN
55202;CC BAG 10L
55203;CC 600 PET 12
55209;COCA COLA PET 2L 6UN.
55227;FANTA LAR SEM ACUCAR PET2L 6UN
55247;SPRITE SA LT SIX FILME LISO
55279;CC LS 12 SEM PRECO
55280;COCA COLA PET-1,5L 06UN FL
55281;COCA COLA 1,5L 8
55282;CC 2,25L 6
55283;CC BAG 18L
55286;FANTA UVA LT 06UN FL
55316;COCA COLA PET 2,5L 06UN CP
55330;FTLAR 1,5L 8
55341;FANTA LARANJA PET 3L 6UN
55342;FANTA LARANJA PET RET 2 LITROS 09UN
55343;CC SEM ACUCAR PET RET 2L 09U
55376;SCHW CITRUS SA LT 350ML 6U FI
55380;SCHW TONICA LT6
55384;CC SEM ACUCAR PET 2,5L 6U FL
55388;CC SEM ACUCAR LT 350ML 6U FL
55399;CC KS 24
55404;COCA COLA LT12 350ML FL
55405;CC LT 12 FI
55406;CC LT6 350ML PROMO
55410;CC 600 PET6UN PROMO
55441;FTLAR LT 12 FL
55445;FTLAR LT06 FI (LEVE MAIS PAGUE MENOS)
55447;FTA UVA LT12
55452;FTUVA 600 12
55454;FANTA LARANJA PET1,5L 06UN FL
55459;FTA LAR PET 2L
55460;FTA UVA PET 2L 06UN
55464;FTLAR BAG 5L
55469;KUAT LT12
55472;KT LT 6 (LEVE MAIS PAGUE MENOS)
55473;KUAT PET 600 SIX FI
55474;KUAT PET600 12UN
55477;KUAT PET 2L 06UN
55497;SIMBA LAR PET 2L 06UN
55499;SPRITE ORIGINAL KS 24
55563;FTLAR 310 24
55566;FT UVA KS 310
55568;CC PET RET 2L 9
55569;CC SEM ACUCAR PET 2L 6U FL
55570;CC SEM ACUCAR PET 600ML 6U FI LMPM
55571;CC SEM ACUCAR PET 600ML 12U FL
55572;CC SEM ACUCAR LT 350ML 6U FI LMPM
55573;CC SEM ACUCAR LT 350ML 12U FL
55595;CC SEM ACUCAR PET 1,5L 4U FI LMPM
55609;CC LS 12 STD
55628;CC SEM ACUCAR PET 1,5L 8U FL
55640;CC PET1,5 4PACK LM PM
55664;CC ZERO KS 24
55707;KUAT PET 600 06UN F.LISO
55720;CC SEM ACUCAR BAG 5L
55729;SPRITE SA LIM BAG 5L
55732;SPRITE SA PET 2L 06UN
55735;CC 3,0L 6
55761;FTA UVA LT FI LMPM (06)
55789;GUARANA KUAT PET2 8
55793;GUARAPAN PET2 8
55795;SCHWEPPES CSODA LT 6
55815;COCA-COLA PET2 8
55817;FANTA LARANJA PET2 8.
55818;CC SEM ACUCAR PET 2L 8U FL
55819;FANTA UVA PET2 8
55823;FANTA LAR SEM ACUCAR PET2L 8
55839;CC PET 2L 4 PACK PROMO
55851;SCHW CITRUS SA PET 1,5L 6U FL
55853;CC SEM ACUCAR PET 1,5L 6U FL
55908;FANTA UVA PET 2L 8 CP
55918;CC PET12 200ML
55919;CC SEM ACUCAR PET 200ML 12U FL
55932;CC PET 2,5L 4PACK FL
55933;CC PET 3L 4PACK FL
55934;CC SEM ACUCAR PET 600ML 6U FL
55935;CC PET 600ML 6 PACK FL
55937;CC PET RET 2L 9 REGIAO
55957;COCA-COLA 290ML VDR RET KS ULTRA
55977;COCA A 1 L VDR RET. LS ULTRA
55990;FANTA UVA 600ML 06PACK F.LISO
55993;COCA COLA PET 1L CX C 06
55994;CC SEM ACUCAR PET 1L 6U FL
55997;COCA COLA 600ML RET CX C 12
55998;CC PET 2L MAIS POR MENOS CX6
56008;FANTA LAR LATA 350ML CX C 06
56010;KUAT LATA 350ML CX C 6
56011;FANTA LARANJA PET 3L CX C 04
56012;FANTA LAR 290ML ULTRA CX C 24
56015;KUAT 290ML ULTRA CX C 24
56016;COCA COLA ZERO 290ML ULTRA CX C 24
56031;FANTA LAR PET 200ML (12) F.LISO
56047;FTA LAR SEM ACUCAR LT FL 6
56051;CC LT 310ML 6U FI MAINLINE
56052;CC LT 220ML 12U FI LMPM
56053;CC LT 220ML 12U FL
56055;CC SEM ACUCAR LT 220ML 12U FL
56057;FTA LAR LT 220ML 12U FL
56061;CC SEM ACUCAR LT 310ML 6U FI MAINLINE
56062;FTA LAR LT 310ML 6U FI MAINLINE
56071;FTA GUA PET 2L 6U FL
56074;FTA GUA LT 350ML 6U FI MAINLINE
56077;FTA GUA PET 1,5L 6U FL
56079;CHARRUA GUARANA PET 2L C8
56100;FTA GUA PET 2L 8U FL
56101;FTA LAR PET 600ML 12U FL
56102;FTA LAR PET 600ML 6U FL
56103;FTA GUA BIB 5L 1U
56105;FTA GUA BIB 18L 1U
56156;SCHWEPPES TONICA PET 1,5L C6
56169;CC LT12 350ML FL CP
56190;FTA GUA ZERO LT 350ML 6U FI MAINLINE
56197;SPRITE SA LT 350ML 12U FL
56198;SPRITE SA LT 350ML 6U FI LMPM
56199;SPRITE SA PET 2L 8U FL
56206;CC LT 310 ML 6U FI LMPM
56209;FTA GUA ZERO PET 2L 6U FL
56211;FTA GUA ZERO PET 2L 8U FL
56223;CC LIGHT LT 310ML 6U FL
56227;FTA LAR PET RET 2L REGIAO
56228;FTA UVA PET RET 2L REGIAO
56235;FTA GUA PET 3L FL 6U
56236;FTA GUA PET 3L FL 4U
56238;SPRITE FRESH LIMAO PET 510ML 6U FL
56245;FTA GUA PET 1,5L 8U FL
56249;FTA GUA PET 200ML 12U FL
56258;CC+FTA GUA PET 2L 4U 2X2 LMPM
56260;CC+FTA LAR PET 2L 4U 2X2 LMPM
56264;CC 250ML VIDRO OW (6) MAINLINE
56267;SPRITE ORIGINAL LT350ML 6U FIMAINLINE
56269;SPRITE ORIGINAL LT 350ML 6U FL
56271;SPRITE ORIGINAL PET 2L 6U FL
56273;SPRITE ORIGINAL PET 2L 8U FL
56280;CC SEM ACUCAR PET RET 2L 09U REGIAO
56281;FTA LAR PET RET 2L_TRI_REGIAO
56282;FTA UVA PET RET 2L_TRI_REGIAO
56284;SPRITE ORIGINAL 290ML ULTRA CX C 24
56287;COCA-COLA CAFE ESPRESSO LT 220ML 6U FI
56292;SCHW TONICA SA LT 350ML 6U FI MAINLINE
56294;GUARAPAN LT 220ML 12UN
56297;COCA-COLA LT 220ML 6U FI MAINLINE
56298;COCA-COLA PET 200ML 12U MAINLINE
56312;SCHW CITRUS ORIGINAL LT 350ML 6U FI
56314;SCHW CITRUS ORIGINAL PET 1,5L 6U FL
56320;FANTA UVA PET RET 2L (09)
56323;SPRITE ORIGINAL LT 220ML 12U FL
56324;SPRITE ORIGINAL LT 220ML 6U FI
56326;CC SEM ACUCAR PET RET 2L 09U
56327;FTA LARANJA PET RET 2L 9UN
56335;CC SEM ACUCAR LT 220ML 6U FI MAINLINE
56337;FTA GUA LT 220ML 6U FI MAINLINE
56339;FTA LAR LT 220ML 6U FI MAINLINE
56341;FTA UVA LT 220ML 6U FI MAINLINE
56343;KUAT LT 220ML 6U FI MAINLINE
56347;SPRITE ORIGINAL PET 200ML 12U FL
56350;SPRITE ORIGINAL PET 600ML 6U FL
56353;CC 250ML VIDRO OW (2X6) CARTONADO
56355;CC SA 250ML VIDRO OW (2X6) CARTONADO
56366;FTA LAR PET RET 2L_TRI
56367;FTA UVA PET RET 2L_TRI
56396;CC+FTA LAR PET 2L 4U FI LMPM
56397;SCHW TON 250MLVIDRO OW(2X6)CARTONADO
56407;SCHWCITRUS ORIG 250MLVIDOW(2X6)CARTON
56413;FT LARANJA LS 1L TRI 12UN
56415;FT UVA LS 1L TRI 12UN
56416;SPRITE FRESH LIMAO PET 510ML 12U FL
56419;SPRITE FRESH LIMAO PET 1,5L 6U FL
56422;FTA UVA RET 2L TRI GU (09)
56423;COCA-COLA ORIGINAL PET 2,5L (6) FL
56424;COCA-COLA ORIGINAL PET 2L (6) FL
56425;COCA-COLA ORIGINAL PET 3L (4) FL
56437;CHARRUA LATA 220ML 6U FL
56443;CC SEM ACUCAR PET 200ML 12U FI MAIN
56468;CC+CCSA PET 2L 4U 2X2
56475;COCA-COLA ORIGINAL PET 2,5L (4) FL
56476;COCA-COLA ORIGINAL PET 3L (6) FL
56494;CHARRUA LT 350ML 6U FI MAINLINE
56503;CC+FTA LAR PET 2L 4U 2X2 LMPM SCB
56504;CC+CCSA PET 2L 4U 2X2 LMPM SCB
56505;CC+SPRITE PET 2L 4U 2X2 LMPM SCB
56506;CC+FTA GUA PET 2L 4U 2X2 LMPM SCB
56512;SCHW TONICA SA LT 220ML 6U FI MAINLINE
56513;SCHW GINGER ALE LT 220ML 6U FI MAINLINE
56536;CC LT6 350ML PROMO SCB
56537;CC SEM ACUCAR LT 350ML 6U FI LMPM SCB
56538;CC SEM ACUCAR PET 600ML 6U FI LMPM SCB..
56539;CC 600 PET6UN PROMO SCB
56540;PACK MISTO PET 200ML 6CC+3FLAR+3FGUA FI
56560;FANTA GUA PET 200ML 12U FI MAIN
56561;FANTA LAR PET 200ML 12U FI MAIN
56568;SPRITE PET 200ML 12U FI MAIN
56578;COCA-COLA ORIGINAL PET 2L (6) LMPM
56579;FANTA UVA PET 200ML 12U FI MAIN
56580;FANTA UVA PET 200ML 12U FL
56598;COCA-COLA ORIGINAL PET 2,25L 6U FL
56599;COCA-COLA ORIGINAL PET 2L 4U PROMO
56600;COCA-COLA ORIGINAL PET 2L 8U FL
56601;BIPACK CCO+CCSA PET 2L (4) LMPM SCB 2X2
56602;BIPACK CCO+FTAGUA PET2L (4) LMPM SCB 2X2
56603;FOURPACK CCO + FTA GUA PET 2L(4) LMPM
56604;BIPACK CCO+FTALAR PET2L (4) LMPM SCB 2X2
56605;FOURPACK CCO + FTA LAR PET 2L(4) LMPM
56606;BIPACK CCO+SPRITE PET2L (4) LMPM SCB 2X2
56607;FOURPACK CCO + SPRITE PET 2L(4) LMPM
56612;PACK MISTO 4CC+2FTAGUA LT 350ML (6) LMPM
56613;PACK MISTO 4CC+2FTALAR LT 350ML (6) LMPM
56620;FTA TUTTI FRUTTI PET 2L 6U FL
56635;COCA-COLA GAR PET RET 2L(9) REGIAO
56636;COCA-COLA SA GAR PET RET 2L(9) REGIAO
56637;FANTA MISTERIO LT ALUM 350ML(6)FL
56638;FANTA MISTERIO GAR PET 600ML(6)FL
56640;SCHW GIN TONICA LT310ML (6) FL CP
56641;SCHW SPRITZ LT310ML (6) FL CP
56642;SCHW VODKA CITRUS LT310ML (6) FL CP
56645;MULT 4CC+2FTLAR+2FTAGUA PET 2L (8) LMPM
56646;SPRITE LMN FRSH ALUM 310ML(6)FL
56654;COCA-COLA SA BYTE LT 310ML 6 FL
92520;CRYSTAL 1,5L COM GAS 06UN CP
92521;CRYSTAL 1,5L SEM GAS 06UN CP
92522;CRYSTAL 500ML COM GAS 12UN CP
92527;CRYSTAL 500ML SEM GAS 12UN CP
92536;CRYSTAL COPO 310ML SG 48UN CP .
92581;CRYSTAL 05L C 2 CP
92590;CRYSTAL PET1,5L C G 06UN FL PRD
92592;CRYSTAL PET1,5L S G 06UN FL PRD
92594;CRYSTAL PET 500ML C G 12UN FL PRD
92596;CRYSTAL PET500ML S G 12UN FL PRD
92597;CRYSTAL COPO 310 48
92601;CRYSTAL 05L C 2
92607;CRYSTAL� COPO 310ML� SG 48UN CP 50CX
92652;CRYSTAL 1L SG 6 FL TP SPT CAP CP
92653;CRYSTAL PET1L S G 06 F.IMPRESSO LMPM CP
92657;CRYSTAL VIP CG 350ML 12UN CP
92658;CRYSTAL VIP SG 350ML 12UN CP
92670;CRYST 1,5L SEM GAS 08UN PROM FI CP
92674;CRYSTAL PET 1,5L S G 08UN PROMO FI PRD
92701;CRY SPARKLING TANG CAPLIM PET 510ML 6U
92721;CRY SPARKLING LIMAO PET 510ML 6U FL
92723;CRY SPARKLING FRUTAS VERM PET510 6U FL
92725;SMARTWATER PET591ML 6UFI MAINLINE SG PRD
92726;SMARTWATER PET591ML 6UFI MAINLINE SG CP
92727;CRYSTAL KIDS S G PET 300ML 24U FL
92754;SMARTWATER PET591ML 6UFI MAINLINE CG PDG
92755;SMARTWATER PET591ML 6UFI MAINLINE CG CP
118022;KAPO UVA 200 12 PD
118023;KAPO MOR 200 12 PD
118024;KAPO MAR 200 12 PD
118025;KAPO ABA 200 12 PD
118026;KAPO LAR 200 12 PD
118054;D V MAIS ABACAXI 1LITRO
118055;DEL VALLE CAJU SEM ADIC ACUCAR 1L (6)
118062;D.V MAIS LARANJA 1LITRO 6
118064;DEL VALLE MANGA SEM ADIC ACUCAR 1L (6)
118065;D.V MAIS MARACUJA 1LITRO 6
118066;DEL VALLE PESSEGO SEM ADIC ACUCAR 1L (6)
118067;D.V MAIS PESSEGO1LITRO 6
118068;DEL VALLE UVA SEM ADIC ACUCAR 1L (6)
118069;D.V MAIS UVA 1LITRO 6
118098;KAPO ABA 200 12 CP
118100;KAPO LAR 200 12 CP
118102;KAPO MAR 200 12 CP
118104;KAPO MOR 200 12 CP
118106;KAPO UVA 200 12 CP
118198;POWERADE MOUNTAIN BLAST PT500 06 CP
118200;POWERADE UVA S.CAP PT500 06 CP
118213;GUA POWER C ACAI CP300ML CP
118214;GUARANA POWER CP300ML CP
118223;MATTE LIMAO COPO 300ML CP
118231;MATTE NATURAL COPO 300ML CP
118238;I9 MARACUJA 500ML (6) CP
118239;I9 UVA VERDE 500ML (6) CP
118240;I9 TANGERINA 500ML (6) CP
118241;I9 LIMAO 500ML (6) CP
118286;GAS CARBONICO 6,5 KG
118291;GAS CARB C 6KG CP
118419;GAS CARBONICO 9 KG
118461;MONSTER ULTRA LT 473ML 6PACK FL CP
118463;MONSTER ENERGY LT 473ML 6PACK FL CP
118464;MONSTER JM KHAOS LT 473ML 6PACK FL CP
118466;BURN PET 1L 4U FL CP NEW
118467;BURN LT 260ML 6U FI MAINLINE CP NEW
118594;GUARANA POWER COPO 300ML
118595;GUA POWER� C ACAI� COPO 300ML
118596;MATTE LIMAO COPO 300ML
118597;MATTE NATURAL COPO 300ML
118602;ICE TEA LIMAO PET 1,5L (6) CP
118604;ICE TEA LIMAO PET 1,5L (6) PD
118605;ICE TEA LIMAO ZERO PET 1,5L (6) CP
118607;ICE TEA LIMAO ZERO PET 1,5L (6) PD
118608;ICE TEA PESSEGO PET 1,5L (6) CP
118610;ICE TEA PESSEGO PET 1,5L (6) PD
118611;ICE TEA PESSEGO ZERO PET 1,5L (6) CP
118613;ICE TEA PESSEGO ZERO PET 1,5L (6) PD
118614;ICE TEA LIMAO PET 450ML (6) CP
118616;ICE TEA LIMAO PET 450ML (6) PD
118617;ICE TEA LIMAO ZERO PET 450ML (6) CP
118619;ICE TEA LIMAO ZERO PET 450ML (6) PD
118620;ICE TEA PESSEGO PET 450ML(6) CP
118622;ICE TEA PESSEGO PET 450ML(6) PD
118623;ICE TEA PESSEGO ZERO PET 450ML (6) CP
118625;ICE TEA PESSEGO ZERO PET 450ML (6) PD
118634;MATTE LEAO LIMAO PET 450ML (6) CP
118636;MATTE LEAO LIMAO PET 450ML (6) PD
118637;MATTE LEAO NATURAL PET 450ML (6) CP
118639;MATTE LEAO NATURAL PET 450ML (6) PD
118709;DV NUTRI UVA TP 200ML 18U CP
118713;DV NUTRI PESSEGO TP 200ML 18U CP
118734;DV 100% MACA VIDRO 1,5L 6U CP
118735;DV 100% UVA VIDRO 1,5L 6U CP
118736;DV FRESH LARANJA PET 1,5L 6P
118737;DV FRESH LIMAO PET 1,5L 6P
118741;DV FRESH LIMAO PET 1,5L 6P CP
118746;DV FRESH LARANJA PET 250ML 12P
118747;DV FRESH LIMAO PET 250ML 12P
118748;DV FRESH LARANJA PET 250ML 12P CP
118749;DV FRESH LIMAO PET 250ML 12P CP
118753;DV FRESH LARANJA PET 1,5L 6P CP
118756;MATTE LEAO NATURAL ZERO PET 1,5L (6) CP
118757;MATTE LEAO NATURAL ZERO PET 1,5L (6) PD
118759;MATTE LEAO NATURAL PET 1,5L (6) CP
118760;MATTE LEAO NATURAL PET 1,5L (6) PD
118762;MATTE LEAO LIMAO ZERO PET 1,5L (6) CP
118763;MATTE LEAO LIMAO ZERO PET 1,5L (6) PD
118765;MATTE LEAO LIMAO PET 1,5L (6) CP
118766;MATTE LEAO LIMAO PET 1,5L (6) PD
118768;MATTE LEAO PESSEGO PET 1,5L (6) CP
118769;MATTE LEAO PESSEGO PET 1,5L (6) PD
118778;DV AGUA DE COCO NAT TP 200ML 18U CP
118781;DV FRUT UVA PET 1L 6P PD
118783;DV FRUT UVA PET 1L 6P CP
118784;DV FRUT PESSEGO PET 1L 6P PD
118786;DV FRUT PESSEGO PET 1L 6P CP
118793;DV FRUT LARANJA PET 1L 6P PD
118795;DV FRUT LARANJA PET 1L 6P CP
118796;DV FRUT UVA PET 450ML 6P PD
118798;DV FRUT UVA PET 450ML 6P CP
118799;DV FRUT LARANJA PET 450ML 6P
118802;CP ST CCSTD 440 1000
118803;CP ST CCSTD 550 900
118804;CP ST CCSTD 770 600
118806;TAMPA 440 1000
118811;DEL VALLE 100% LARANJA 1L 06UN
118812;DEL VALLE 100% UVA 1L 06UN
118828;DEL VALLE 100% MACA 1L 6PACK
118837;CHAPATEX PARA REVENDA
118848;ADES MORANGO TP 200ML 27U CP
118855;ADES ABACAXI TP 1L 6U CP
118859;ADES MACA TP 1L 6U CP
118865;ADES PESSEGO TP 1L 6U CP
118868;ADES UVA TP 1L 6U CP
118878;DV GOIABA LT 290ML 6U FL
118879;DV MANGA LT 290ML 6U FL
118880;DV MARACUJA LT 290ML 6U FL
118882;DV PESSEGO LT 290ML 6U FL
118884;DV UVA LT 290ML 6U FL
118885;SHAKE NAT WHEY CHOCOLATE TP 250ML 12U CP
118886;SHAKE NAT WHEY BAUNILHA TP 250ML 12U CP
118892;COPO PLAST CC 300ML C100
118894;COPO PLAST PETISKEIRA 300ML C100
118895;COPO PLAST CC 500ML C50
118899;COPO PLAST PETISKEIRA 500ML C50
118900;COPO ARENA GREMIO CC 500ML C50
118902;GAS CARBONICO EM CILINDRO COM 7 KG
118911;COPO PLAST BR CC INTER 550ML C50
118952;ADES SEEDS AMENDOAS 1L (6P) CP
118953;ADES SEEDS AMENDOAS BAUNILHA 1L (6P) CP
118954;ADES SEEDS COCO 1L (6P) CP
118955;DV FRUT LARANJA PET 450ML 6P CP
118957;DV 100% UVA VIDRO 300ML 12U CP
118964;I9 LIMAO 500ML (6) PD
118966;I9 UVA VERDE 500ML (6) PD
118968;I9 TANGERINA 500ML (6) PD
118970;I9 MARACUJA 500ML (6) PD
118984;MONSTER ABSOLUTELY ZERO LATA 473ML CP
118985;MONSTER ABSOLUTELY ZERO LT473ML 6PACK FL
118990;MONSTER MANGO LOCO LATA 473ML 06UN CP
118991;MONSTER MANGO LOCO LT 473ML 06PACK FL
118998;DV FRESH UVA PET 250ML 12P
118999;DV FRESH UVA PET 250ML 12P CP
119001;DV FRESH UVA PET 1,5L 6P
119002;DV FRESH UVA PET 1,5L 6UN CP
119015;DEL VALLE 100% MACA TP200ML 18U CP
119022;MONSTER ENERGY LT 473ML 6PACK FL
119024;MONSTER ULTRA LT 473ML 6PACK FL
119025;MONSTER JM KHAOS LT 473ML 6PACK FL
119026;MONSTER ULTRA VIOLET LT 473ML 6U FL CP
119028;MONSTER ULTRA VIOLET LT 473ML 6U FL
119029;BURN LT 260ML 6U FL PD
119065;KAPO FRUTAS CITRICAS 200 12 CP
119066;KAPO FRUTAS CITRICAS 200 12 PD
119068;KAPO MACA 200 12 CP
119069;KAPO MACA 200 12 PD
119107;MONSTER DRAG TEA LIMAO LT 473ML 6U FL CP
119108;MONSTER ENERGY LT 269ML 6PACK FL CP
119111;ICE TEA PESSEGO PET 250ML (12) PD
119112;ICE TEA PESSEGO PET 250ML (12) CP
119116;ICE TEA LIMAO ZERO CG LT290 FI 6P CP
119118;MATTE LEAO LIMAO CG LT290ML FI 6P CP
119119;POWERADE MOUNTAIN BLAST PT500 06 PROD
119121;POWERADE UVA S.CAP PT500 06 PROD
119123;GUARANA POWER ACAI PET 450ML 06U FL CP
119124;GUARANA POWER ACAI PET 450ML 06U FL PROD
119126;MONSTER ULTRA PARADISE LT 473ML 6U FL
119128;MONSTER ULTRA PARADISE LT 473ML 6U FL CP
119132;DV FRUT FRUTAS CITRICAS PET 1L 6P CP
119134;DV FRUT FRUTAS CITRICAS PET 1L 6P PROD
119135;DV FRUT FRUTAS CITRICAS PET 450ML 6P CP
119137;DV FRUT FRUTAS CITRICAS PET 450ML6P PROD
119138;DV FRUT UVA BAG 5L 1U CP
119139;REIGN LEMON HDZ LT 473ML 6U FL
119141;REIGN LEMON HDZ LT 473ML 6U FL CP
119142;REIGN MELON MANIA LT 473ML 6U FL CP
119143;ADES ABACAXI TP 1L 6U CP
119144;ADES LARANJA TP 1L 6U CP
119145;ADES MACA TP 1L 6U CP
119146;ADES ORIGINAL TP 1L 6U CP
119148;ADES PESSEGO TP 1L 6U CP
119149;ADES UVA TP 1L 6U CP
119151;LEAO CHA VERDE LIMAO ZERO 1,5L 6U CP
119152;LEAO CHA VERDE LIMAO ZERO 1,5L 6U PROD
119153;ADES ORIGINAL ZERO TP 1L 6U CP
119154;ADES ABACAXI TP 200ML 6U FL CP
119155;ADES LARANJA TP 200ML 6U FL CP
119156;ADES MACA TP 200ML 6U FL CP
119157;ADES PESSEGO TP 200ML 6U FL CP
119158;ADES UVA TP 200ML 6U FL CP
119159;ADES MORANGO TP 200ML 6U FL CP
119160;REIGN MANG-O-MATIC LT 473ML 6U FL
119161;REIGN ORANGE DREAMSICLE LT 473ML 6U FL
119162;REIGN ORANGE DREAMSICLE LT473ML 6U FL CP
119163;REIGN MANG-O-MATIC LT473ML 6U FL CP
119164;DV UVA TP 200ML (18U) CP
119165;DV PESSEGO TP 200ML (18U) CP
119166;DV LARANJA TP 200ML (18U) CP
119167;DV ABACAXI 1L (6U) CP
119168;DV MANGA 1L (6U) CP
119169;DV MANGA LT 290ML (6U) CP
119170;MONSTER PACIFIC PUNCH LT 473ML 6U FL CP
119171;MONSTER PACIFIC PUNCH LT 473ML 6U FL
119172;MONSTER DRAG TEA PESSEGO LT473ML 6 FL CP
119175;ADES SEEDS AMENDOAS SAA 1L (6P) CP
119464;LEAO CHA VERDE LIMAO ZERO 450ML 6U CP
119466;LEAO CHA VERDE LIMAO ZERO 450ML 6U PD
119503;ADES ABACAXI CX TP 200ML (27) CP
119504;ADES LARANJA CX TP 200ML (27) CP
119505;ADES MACA CX TP 200ML (27) CP
119506;ADES MORANGO CX TP 200ML (27) CP
119507;ADES PESSEGO CX TP 200ML (27) CP
119508;ADES UVA CX TP 200ML (27) CP
130000;AMAC DOWNY BRISA DE VERAO GAR 500ML (1)
130001;AMAC DOWNY LIR DO CAMPO GAR 500ML (1)
130002;DESOD SPRAY OLDSPICE PEGADOR LT 93G (1)
130003;CREME DENT 123 MENTA TUBO 70G (1)
130004;ESCOVA DENTAL OB 123 BLISTER (1)
130005;ESCOVA DENTAL OB INDICATOR C 2 (1)
130006;PANTENE COND HIDRATACAO GAR 175ML (1)
130007;PANTENE COND BAMBU TUBO 150ML (1)
130008;PANTENE SHAMPOO HIDRAT GAR 175ML (1)
130009;PANTENE SHAMPOO BAMBU GAR 200ML (1)
130010;AP BARB GILLETTE FIXO CARTELA 24 (1)
130011;AP BARB GILLETTE CHAMP CARTELA 10 (1)
130012;AP BARB GILETTE PROBAK CARTELA 28 (1)
139034;HEIN PIL NR 600 12 DESCARTAVEL
139064;KAISER PILSEN 1LITRO 12UN
139065;BAVARIA LT 473 ML 12 PACK
139068;KAISER LT 473 ML 12 PACK
139084;HEIN PIL 600 24
139112;HEINEKEN LATA12 PACK - TACTIL
139141;BAV PIL 600 24
139152;HEIN PIL LT 12 FI
139154;HEIN CHCLARO 30L
139155;HEIN CHCLARO 50L
139173;KAI PIL 600 24
139178;KAISER CHOPE 30 LTS
139180;KAI CHCLARO 50L
139199;BAV PIL 600 24 CLASSICA
139277;HEINEKEN KEG 5L
139289;KAI PIL LT 12
139352;CHOPP AMSTEL 50L
139364;AMSTEL 600ML 24 UN
139366;SOL PREMIUM 330ML 24UNID 4X6
139367;SOL PREMIUM 330ML 6UNID
139384;AMSTEL LT12 350ML
139385;AMSTEL 600ML 12UN DESCARTAVEL
139393;HEINEKEN 250ML 12PACK BR
139394;HEINEKEN 250ML 2X12PACK BR
139407;AMSTEL LT 269ML (12)
139408;AMSTEL LT 473ML 12UN
139409;HEINEKEN LN 330ML 24UN 4X6
139410;HEINEKEN LN 330ML 6UN
139412;HEINEKEN LT 250ML (6)
139421;BAVARIA PILSEN LT 350ML 12U
139423;HEINEKEN LT 473ML 12UN
139424;CACHACA 51 965ML VIDRO NRGB 1UN CP
139429;51 ASSINATURA LICOR 700ML VIDRO NRGB 1UN
139431;51 ASSINATURA SMOKED 700ML VIDR NRGB 1UN
139432;WHISKEY BLACK WHITE 1L VIDRO NRGB 1UN
139433;WHISKEY WHITE HORSE 1L VIDRO NRGB 1UN
139434;WHISKEY JW RED LABEL 1L VIDRO NRGB 1UN
139435;WHISKEY JW BLACK LABEL 1L VIDRO NRGB 1UN
139436;CACHACA YPIOCA OURO 965ML VIDRO NRGB 1UN
139437;VODKA SMIRNOFF RED 998ML VIDRO NRGB 1UN
139438;VODKA SMIRNOFF RED 600ML VIDRO NRGB 1UN
139439;GIN TANQUERAY 750ML VIDRO NRGB 1UN
139440;GIN GORDONS 750ML VIDRO NRGB 1UN
139441;WHISKEY JW RED LABEL 750ML VDRO NRGB 1UN
139442;WHISKEY JW BLACK LABEL 750ML VDRONRGB1UN
139443;CACHACA YPIOCA EMP OURO965ML VDR NRGB1UN
139444;LICOR BAILEYS 750ML VIDRO NRGB 1UN
139445;WHISKEY BELLS 700ML VIDRO NRGB 1UN
139447;CACHACA YPIOCA PRATA 965ML VIDRO NRGB(1)
139449;VODKA C�ROC 750ML VIDRO NRGB (1)
139450;VODKA KETEL ONE 1L VIDRO NRGB (1)
139451;HEINEKEN 0,0% LN 330ML (24) 4X6
139452;HEINEKEN 0,0% LN 330ML (06)
139453;HEINEKEN 0,0% LT 12
139461;AMSTEL LT 269ML 12U FI
139462;WHISKEY JW BLONDE 700ML VIDRO NRGB (1)
139464;EISENBAHN KEG 30L 1UN PILSEN
139465;EISENBAHN KEG 30L 1UN PALE ALE
139466;EISENBAHN KEG 30L 1UN IPA
139467;EISENBAHN KEG 50L 1UN PILSEN
139468;EISENBAHN 600ML 24U RGB PILSEN
139469;EISENBAHN 600ML 12U DESCARTAVEL PILSEN
139470;EISENBAHN LT 269ML 12U PILSEN
139471;EISENBAHN LT 473ML 12U PILSEN
139473;EISENBAHN LN 355ML 2X6 WEIZENBIER
139474;EISENBAHN LT 350ML 12U PILSEN
139477;EISENBAHN LN 355ML 2X6 PILSEN
139479;EISENBAHN LN 355ML 2X6 PALE ALE
139481;EISENBAHN LN 355ML 2X6 IPA
139485;EISENBAHN LT 350ML 12U PALE ALE
139486;EISENBAHN LT 350ML 12U IPA
139487;TIGER LT 350ML 12U PILSEN
139488;TIGER 600ML 24U RGB PILSEN
139489;TIGER KEG 50L 1UN PILSEN
139490;BADENBADEN 600ML 12U DESCARTAV ALEGOLDEN
139491;BADEN BADEN WITBIER NRGB 600ML (12)
139492;BADENBADEN 600ML 12U DESCARTAVEL IPA
139493;BADENBADEN LT 350ML 2X6 IPA
139494;BADENBADEN LT 350ML 2X6 WITBIER
139500;BADENBADEN LT 350ML 2X6 PILSEN
139501;BADENBADEN 600ML 12U DESCARTAVEL PILSEN
139503;DEVASSA 600ML 24U RGB LAGER
139504;DEVASSA LT 269ML 12U LAGER
139507;DEVASSA LT 350ML 12U LAGER
139511;DEVASSA 1L 12UN RGB LAGER
139512;GLACIAL LT 350ML 12U PILSEN
139513;GLACIAL 600ML 24U RGB PILSEN
139514;GLACIAL LT 473ML 12U PILSEN
139515;GLACIAL 1L 12U RGB PILSEN
139521;SCHIN LT 473ML 12U PILSEN
139522;SCHIN 600ML 24U RGB PILSEN
139523;SCHIN 1L 12U RGB PILSEN
139525;SCHIN LT 269ML 12U PILSEN
139528;SCHIN LT 350ML 12U PILSEN
139532;ESPOLON BLANCO GAR VD 750ML(1)
139533;ESPOLON REPOSADO GAR VD 750ML(1)
139534;WILD TURKEY GAR VD 1L(1)
139536;WILD TURKEY 101 GAR VD 700ML(1)
139538;RICCADONNA ASTI DOLCE GAR VD 750M(1)
139539;RICCADONNA PROSECCO GAR VD 750M(1)
139540;FRANGELICO GAR VD 700ML(1)
139541;APPLETON ESTATE GAR VD 700ML(1)
139542;APPLETON RARE BLEND GAR VD 700ML(1)
139543;CAMPARI NEGRONI GAR VD 500ML(1)
139544;GIN BULLDOG GAR VD 750ML(1)
139545;GIN BICKENS GAR VD 1L(1)
139547;AVERNA AMARO 700ML(1)
139548;GRAND MARNIER CORD ROUGE GAR VD 700ML(1)
139549;CYNAR HIGH PROOF GAR VD 1L(1)
139551;CINZANO PRO SPRITZ GAR VD 750ML(1)
139553;CINZANO ROSSO GAR VD 1L(1)
139554;CINZANO BIANCO GAR VD 1L(1)
139555;DREHER GAR VD 900ML(1)
139557;CAMPARI GAR VD 900ML(1)
139558;SAGATIBA CRISTALINA GAR VD 700ML(1)
139559;SAGATIBA ENVELHECIDA GAR VD 700ML(1)
139560;CYNAR GAR VD 900ML(1)
139567;DRURYS GAR VD 1L(1)
139569;LIEBFRAUMILCH GAR VD 750ML (1)
139570;APEROL GAR VD 750ML(1)
139571;OLD EIGHT GAR VD 1L(1)
139576;TANQUERAY LD TONIC VD 275ML(4)FL
139577;TANQUERAY SEVILLA TONIC VD 275ML(4)FL
139578;GILBEYS VD 700ML(1)
139579;BLACK WHITE ORANGE 700ML(1)
139580;BLACK WHITE EDICAO LIMITADA 1L(1)
139581;SMIRNOFF ICE LIMAO LT 269ML(6)FI
139582;THZ EBENHOLZ DUNKEL GAR VD 500ML (6)
139583;THZ ELFELBEIN WEISSIBIER GAR VD 500ML (6
139585;THZ GOLD LAGER GAR VD 500ML (12)
139586;THZ JADE IPA GAR VD 500ML (6)
139587;THZ OR BLANC WITBIER GAR VD 500ML (6)
139588;THZ RUBINE BOCK GAR VD 500ML (6)
139589;EST GALICIA PILSEN GAR VD RGB 600ML (24)
139592;EST GALICIA PILSEN LN 200ML (6)
139593;EST GALICIA SEM GLUTEN LN 330ML (4)
139594;1906 RESERVA ESPECIAL LN 330ML (6)
139595;1906 BLACK COUPAGE LN 330ML (6)
139596;1906 RED VINTAGE LN 330ML (6)
139598;EST GALICIA 0,0% BLACK LN 250ML (6)
139599;EST GALICIA 0,0% TOSTADA LN 250ML (6)
139600;EST GALICIA 0,0% PILSEN LN 250ML (6)
139601;EST GALICIA 0,0% PILSEN LT 330ML (6)
139602;EST GALICIA PILSEN GAR VD 600ML (12)
139603;EST GALICIA PILSEN GAR VD 600ML (6)
139604;EST GALICIA PILSEN LT 269ML (12)
139605;EST GALICIA PILSEN LT 473ML (12)
139606;EST GALICIA PILSEN LT 350ML (12)
139607;EST GALICIA PILSEN LN 355ML (12)
139608;ST GALICIA EDICAO ESPECIAL VD 750ML (6)
139609;THZ GOLD LAGER LT 350ML (12) FL
139610;THZ GOLD LAGER LT 473ML (12) FL
139611;THZ GOLD LAGER GAR VD RGB 600ML (24)
139616;EISENBAHN LN 355ML 2X6 SESSION IPA HILDA
139617;TIGER PILSEN LT ALUM 473ML (12)
139630;SMIRNOFF INFUS MELANCIA VD 998ML (1)
139631;SMIRNOFF INFUS MARACUJA VD 998ML (1)
139632;TANQUERAY SEVILLA VD 700ML (1)
139636;JW GOLD LABEL VD 750ML 1
139637;OLD PARR 12 ANOS VD 1 L 1
139638;OLD PARR 12 ANOS VD 750ML 1
139639;EST GALICIA SEM GLUTEN LN 330ML 6U
139642;EISENBAHN VIENNA LAGER LN 355ML (2X6)
139645;DRURYS GAR VD 900ML 1
139647;EISENBAHN UNFILTERED LN 355ML 2X6
139648;EISENBAHN UNFILTERED LT 350ML 12
139649;THZ GOLD LAGER GAR LN 355ML CARTONADO 6
139650;TIGER LT SLEEK 350ML 12 PILSEN
139657;HEINEKEN LT 269ML 8
141001;MENTOS KISS MORANGO 50P
141002;MENTOS KISS MENTA FORTE 50P
141003;MENTOS PURE FRUIT 3 CAMADAS 5P
141004;MENTOS PF MINT GOMA STICK 8P
141005;MENTOS PF WINTERGREEN GOMA STICK 8P
141006;MENTOS FRUTAS STICK 14P
141007;MENTOS MINT STICK 14P
141008;MENTOS PF MINT GARRAFA 28P
141009;MENTOS PF WINTERGREEN GARRAFA 28P
141010;MENTOS PF MONOPECA SORTIDO 60P
141011;MENTOS RAINBOW STICK 14P
141012;MENTOS PF FRESH MINT 3 CAMADAS 5P
141013;MENTOS PF SPEARMINT 3 CAMADAS 5P
141014;FRUITTELLA MASTIG MORANGO VITA C 16P
141015;FRUITTELLA SWIRL MORANGO VITA C 15P
141016;MENTOS PF UP2U GARRAFA 28P
141017;MENTOS PF MORANGO GARRAFA 28P
141018;MENTOS TUTTI-FRUTTI STICK 16
141019;MENTOS MORANGO IOGURTE STICK 16
141020;MENTOS FRUTAS VERMELHAS STICK 16
141021;MENTOS STRONG MINT SLAB 15
141022;MENTOS PURE WHITE GAR (6)
141023;FINI TUBES MORANGO 27G (24)
141024;FINI TUBES TWISTER 27G (24)
141025;FINI TUBES IOGURTE 27G (24)
141026;FINI TUBES MORANGO CITR 27G (24)
141027;FINI TUBES MORANGO CITR 15G (12)
141028;FINI TUBES MORANGO 15G (12)
141029;FINI DENTADURAS 15G (12)
141030;FINI MINHOCAS BRILHO 15G (12)
141031;FINI BEIJOS MORANGO 15G (12)
141032;FINI BANANAS 15G (12)
141033;FINI TUBES PINTA LINGUA 15G (12)
141034;FINI TUBES TRES CORES 15G (12)
141035;FINI TUBES TWISTER 15G (12)
141036;FINI TUBES TUTTI FRUTTI 15G (12)
141037;FINI CHICLE CLASSICOS 14G (18)
141038;FINI CHICLE MORANGO 14G (18)
141039;FINI CHICLE SALADA DE FRUTAS 14G (18)
141040;FINI TUBES MORANGO CITR 40G (10)
141041;FINI TUBES TUTTI FRUTTI CITR 40G (10)
141042;FINI TUBES TWISTER 40G (10)
141043;FINI TUBES MORANGO 40G (10)
141044;PETTIZ AMENDOIM JAPONES SPECIAL 50G (20)
141045;PETTIZ AMEND TOR E SALG SPECIAL 50G (20)
141046;TRIDENT HORTELA CX 8GR 21
141047;TRIDENT MENTA CX 8GR 21
141048;TRIDENT MELANCIA CX 8GR 21
141049;TRIDENT TUTTI-FRUTTI CX 8GR 21
141051;TRIDENT HORTELA 18S CX 30,6GR 12
141052;CHICLETS HORTELA CX 2,8GR 100
141054;HALLS CEREJA CX 28GR 21
141055;HALLS EUCALIPTO EXT FORTE CX 27,5GR 21
141056;HALLS MENTA CX 28GR 21
141057;HALLS MORANGO CX 28GR 21
141058;HALLS MENTOL CX 28GR 21
141060;CLUB SOCIAL CX 24GR 12
141065;OREO ORIGINAL CX 36GR 8
143002;TOPOCHICO MGOGOIAB LT ALUM 310ML(6)FI CP
143003;TOPOCHICO ABACAXI LT ALUM 310ML(6) FI CP
143004;TOPOCHICO MANGA LT ALUM 310ML(6)FI CP
144001;GC SALADA ATUM BATDOCE AZ LT150G
144002;GC ATUM RALADO EM OLEO E CVEG POUCH500G
144003;GC ATUM PEDACOS EM OLEO E CVEG POUCH500G
144004;GC AZ EXTRA VIRGEM VD500ML
144005;GC ATUM RALADO AO NAT COM CVEG LT170G
144006;GC SALADA ATUM BAT LT150G
144007;GC SARDINHA C MOLHO DE TOMATE LT250G
144008;GC SARDINHA C OLEO COMEST LT250G
144009;GC FIL DE SARDINHA C MOLHO DE TOMATE125G
144010;GC FIL DE SARDINHA C OLEO COMEST125G
144011;GC SARDINHA C OLEO COMEST LIMAOLT125G
144012;GC SARDINHA C MOLHO DE TOMATELT125G
144013;GC SARDINHA C OLEO COMESTLT125G
144014;GC PATE ATUM LIGHT LT150G
144015;GC PATE ATUM LT150G
144016;GC ATUM SOLIDO AO NAT LT170G
144017;GC ATUM RALADO EM OLEO LT170G
144018;GC ATUM SOLIDO EM OLEO LT170G
144019;GC ATUM PEDACOS AO NAT COM CVEG LT170G
144020;GC ATUM PEDACOS EM OLEO LT170G
144021;GC ATUM RALADO AO MOLHO DE TOMATE LT170G
144022;GC PATE ATUM AZEITONAS LT150G
144023;GC SALADA ATUM BAT ERV CEN LT150G
144024;GC FIL DE ATUM PEDACOS EM AZ125G
144025;GC ATUM RALADO AO NAT POUCH500G
400001;GELT 1P 0420L HK 220V ALPUN CCV355 BLACK
400002;GELT 1P 0420L HK 220V ALPUN CCV315 PREM
400003;GELT 1P 0420L AM 220V ALPUN CCV315 PCEGA
400004;GELT 2P 0572L HK 220V MFRIO VN63 PVIDRO
400005;GELT 1P 0420L AM 220V ALPUN CCV315 PCEGA
400006;GELT 1P 0420L HK 110V MFRIO PCEGA VN44G
400007;POMT 3V PATHFINDER COLDMIX
400008;GELT 1P 0420L HK 220V ALPUN G319 PVIDRO
400009;CHPT MEMO CX070 KAISER 2V 220V
400010;CHPT 1V HK 220V SMALL INOX ELETRICA
400011;CHPT 2V TORRE
400012;CHPT MEMO CX070 AMSTEL 2V 220V
400013;GELT 1P 0230L HK 110V ALPUNTO CCV144 CEG
400014;GEL 1P 0230L HK 220V GELOP CCV144 PCEGA
400015;GELT MP 0086L HK 220V FREEZER GELA COPO
400016;GELT 1P 0420L SL 220V ALPUN CCV315 PCEGA
400017;GELT MP 0025L COOLER CC 110V
400018;PRET GLICOL 2 SAIDAS 80M 220V
400019;CHPT MEMO CX050 AMSTEL 1V 220V
400020;GELT MP 0047L BN 220V ALPUN VR1.5
400021;GELT COOLER MONSTER GELOPAR
400022;GELT 1P 0420L HK 220V ALPUN BVC08
400023;GELT 1P 0387L SL 220V ALPUNTO GVC45
400024;GELT 1P 0273L HK 220V MFRIO VN29C
400025;GELT 1P 0230L SQ 220V HUSSMANN BMAX 140
400026;GELT 2P KA 220V MFRIO HB42B
400027;GEL 1P 0420L ML 220V MFRIO VERT VB40R
400028;GELT MP 0127L PW 220V MFRIO VB12L
400029;GELT 1P 0387L SL 220V MFRIO VN44C
400030;GELT 1P 0320L SL 220V MFRIO VN29R
400031;GELT MP 0127L SM 220V MFRIO VB12R
400032;GELT 1P 0434L MM 220V MFRIO VB43R
400033;GELT 1P SM HUSSMANN B MAXI 140
400034;GELT 1P 0434L MM 220V MFRIO VB43R
400035;GELT 1P 0280L AM 220V MFRIO VN28F PCEGA
400036;GELT 1P 0420L AM 110V ALPUN CCV355 PCEGA
400037;GELT 1P 0230L AM 220V ALPUN CCV144(CANC)
400038;GELT 1P 0420L HK 110V ALPUN CCV355 PCEGA
400039;GELT 1P 0230L HK 220V ALPUN CCV144 PVIDR
400040;GELT 1P 0230L AM 220V ALPUN CCV144 PCEGA
400041;GELT 1P 0420L HK 220V ALPUN CCV355 PCEGA
400042;GELT 1P 0230L AM 220V ALPUN CCV144 PVIDR
400043;GELT 1P 0420L AM 220V ALPUN CCV355 PCEGA
400044;POMT 6V TITAN COLD MIX
400045;GELT 1P 0420L CC 220V ALPUN G319 VIDEO
400046;PRET RESFRIADOR EURO 40
400047;CHPT 1V EXPANSAO DIRETA FACILE HNK
400048;POMT 8V DI2323 WELBIT
400049;POMT 6V CEV30 WELBIT
400050;POMT 6V SV150 WELBIT
400051;GELT 1P 0280L HK 110V MFRIO VN28T PCEGA
400052;GELT MP 0041L VC 220V VENDO VR1.5
400053;GELT MP 0041L CR 220V VENDO VR1.5
400054;GELT 1P 0280L SL 110V MFRIO VN28 PCEGA
400055;GELT 1P 0280L SL 220V MFRIO VN28 PCEGA
400056;GELT 1P 0280L SL 110V MFRIO VN28 PVIDRO
400057;GELT 1P 0280L SL 220V MFRIO VN28 PVIDRO
400058;PRET RESFRIADOR PS 330 BIRCO
400059;PRET RESFRIADOR PS 1000 BIRCO
400060;GELT MP 0041L VC 110V VENDO VR1.5
400061;GELT 1P 0550L AM 220V MFRIO VN50R
400062;GELT 1P 0280L AM 220V MFRIO VN28R PVIDRO
400063;GELT 1P 0280L AM 110V MFRIO VN28R PVIDRO
400064;GEL 1P 0550L HK 220V MFRIO VN50R PCEGA
400065;GELT 1P 0550L AM 110V MFRIO VN50R
400066;GELT 1P 0550L BA 110V MFRIO VN50R
400067;GELT 1P 0550L BA 220V MFRIO VN50R
400068;GELT 1P 0550L HK 110V MFRIO VN50R
400069;GELT 1P 0550L KA 110V MFRIO VN50R
400070;GELT 1P 0420L VC 220V ALPUN VRS16
400071;GELT 1P 0420L AM 110V MFRIO VN44R PCEGA
400072;GELT 1P 0420L AM 110V MFRIO VN44R PVIDRO
400073;GELT 1P 0420L AM 220V MFRIO VN44R PCEGA
400074;GELT 1P 0420L AM 220V MFRIO VN44R PVIDRO
400075;GELT 1P 0550L AM 220V MFRIO VN50R PCEGA
400076;GELT 1P 0550L HK 220V MFRIO VN50R PVIDRO
400077;GELT 1P 0280L AM 110V MFRIO VN28R PVIDRO
400078;GELT 1P 0550L KA 220V MFRIO VN50F PCEGA
400079;GELT 1P 0550L BA 110V MFRIO VN50F PCEGA
400080;GELT 1P 0550L BA 220V MFRIO VN50F PCEGA
400081;GELT 1P 0550L HK 110V MFRIO VN50F PCEGA
400082;GELT 1P 0550L KA 110V MFRIO VN50F PCEGA
400083;GELT 1P 0550L AM 110V MFRIO VN50F PCEGA
400084;GELT 1P 0550L HK 220V MFRIO VN50F PCEGA
400085;GELT 1P 420L BA 110V MFRIO VN44 PCEGA
400086;GELT 1P 0280L AM 110V MFRIO VN28F PCEGA
400087;GELT COOLER MONSTER ULTRA 220V GELOPAR
400088;GELT COOLER MONSTER ULTRA 110V GELOPAR
400089;GELT MP 0041L MO 110V VENDO VR1.5
400090;GELT MP 0041L MO 220V VENDO VR1.5
400091;GELT 1P 0230L MO 220V VR08 C GARRA
400092;GELT 1P 0230L MO 110V VR08 C GARRA
400093;GELT 1P 0127L MO 110V VR04 C GARRA
400094;GELT 1P 0127L MO 220V VR04 C GARRA
400095;GELT 1P 0152L HK 220V MFRIO VB15 PCEGA
400096;GELT 1P 0152L HK 110V MFRIO VB15 PCEGA
400097;GELT 1P 0152L HK 110V MFRIO VB15 PVIDRO
400098;GELT 1P 0152L HK 220V MFRIO VB15 PVIDRO
400099;GELT 1P 0230L CC 110V GELOPAR VERT TURM
400100;GELT 1P 0230L CC 220V GELOPAR VERT TURM
400101;CHPT 6V TORRE RED BANDEJA
400102;CHPT 5V TORRE RED BANDEJA
400103;POMT 6V 1580S-LL NVPARTS CC
400104;GELT 1P 0570L AM 220V PCEG GELOPAR GCC57
400105;GELT 1P 0570L AM 110V PCEG GELOPAR GCC57
400106;GELT 1P 0230L CC 220V ALPUN VR08 FULL ST
400107;GELT 1P 0420L CC 220V ALPUN VRS16 FULL S
400108;GELT MP 0041L REIGN PT 110V ALPUN VR1.5
400109;GELT MP 0041L REIGN PT 220V ALPUN VR1.5
400110;GELT COOLER REIGN 110V GELOPAR GLTF075
400111;GELT COOLER REIGN 220V GELOPAR GLTF075
400112;GELT MP 0030L MO 110V ALPUN MINI OP C
400113;GELT MP 0030L MO 220V ALPUN MINI OP C
400114;GELT 1P 0038L HK 220V MFRIO VB05SL BABY
400115;GELT 1P 0038L HK 110V MFRIO VB05SL BABY
400116;GELT 1P 0410L CC 110V GELOPAR VERT TURM
400117;GELT 1P 0410L CC 220V GELOPAR VERT TURM
400118;COOLER SL GELOPAR GLTA070
400119;GEL MP 0097L KA 220V MFRIO VB10
400120;GEL MP 0097L SL 220V MFRIO VB10
400121;GEL 1P 0110L BA 220V MFRIO HORIZ HO40
400122;GEL 1P 0110L KA 220V MFRIO HORIZ HO39
400123;GEL MP 0127L HK 220V MFRIO VB12R
400124;GEL MP 0127L HK 220V MFRIO VERT GE50
400125;GEL MP 0127L HK 220V MFRIO VERT GE60
400126;GEL MP 0127L KA 220V MFRIO VB12R
400127;GEL MP 0127L SL 220V MFRIO VB12R
400128;GEL 1P 0140L SL 220V HUSSM CHB EVV
400129;GEL 1P 0230L BA 220V GELOP VR08 SLIM
400130;GEL 1P 0230L DX 220V GELOP VR08 SLIM
400131;GEL 1P 0230L HK 220V GELOP VR08 SLIM
400132;GEL 1P 0230L KA 220V GELOP VR 08
400133;GEL 1P 0230L KA 220V GELOP CERV CARENAGE
400134;GEL 1P 0230L SL 220V GELOP VR 08GS
400135;GEL 1P 0230L SL 220V GELOP VR 08GS
400136;GEL 1P 0230L SL 220V GELOP VR 08
400137;GEL 1P 0230L SM 220V GELOP VR08 CCVR 04D
400138;GEL 1P 0280L KA 220V MFRIO VN28C
400139;GEL 1P 0280L SL 220V MFRIO VN28C
400140;GEL 1P 0300L BA 220V MFRIO HORIZ HO41
400141;GEL 1P 0300L KA 220V MFRIO VERT GE13
400142;GEL 1P 0300L KA 220V MFRIO VERT GE52
400143;GEL 1P 0300L KA 220V GELOP GAR 300
400144;GEL 1P 0300L KA 220V MFRIO MINI
400145;GEL 1P 0315L KA 220V GELOP GAR 315
400146;GEL 1P 0320L HK 220V MFRIO VEU DE NOIVA
400147;GEL 1P 0320L KA 220V MFRIO VN29C
400148;GEL 1P 0320L SL 220V GELOP PCEGA
400149;GEL 1P 0329L KA 220V MFRIO VN33C
400150;GEL 1P 0329L SM 220V MFRIO VN43S
400151;GEL 1P 0329L XG 220V MFRIO VN33C
400152;GEL 1P 0330L BA 220V GELOP GVC33
400153;GEL 1P 0330L HK 220V GELOP GVC33
400154;GEL 1P 0330L KA 220V GELOP GRBA
400155;GEL 1P 0330L KA 220V GELOP GVC33
400156;GEL 1P 0330L KA 220V GELOP HORIZ GE36
400157;GEL 1P 0330L SL 220V GELOP GVC33
400158;GEL 1P 0387L BA 220V MFRIO GVC45
400159;GEL 1P 0387L BA 220V MFRIO VN44B
400160;GEL 1P 0387L HK 220V GELOP GVC45
400161;GEL 1P 0387L KA 220V GELOP GVC45
400162;GEL 1P 0387L KA 220V MFRIO VN43C
400163;GEL 1P 0387L KA 220V MFRIO VN44C
400164;GEL 1P 0387L SL 220V GELOP GVC 45
400165;GEL 1P 0387L SL 220V MFRIO VN44C
400166;GEL 1P 0387L SL 220V MFRIO VN44C
400167;GEL 1P 0387L SM 220V MFRIO VN44S
400168;GEL 1P 0400L SL 220V HUSSM PCEGA ARE400B
400169;GEL 1P 0415L KA 220V MFRIO HORIZ HO02
400170;GEL 1P 0415L KA 220V MFRIO HORIZ HO04
400171;GEL 1P 0415L KA 220V MFRIO HORIZ HO16
400172;GEL 1P 0415L KA 220V MFRIO HORIZ HO22
400173;GEL 1P 0415L KA 220V MFRIO HORIZ HO24
400174;GEL 1P 0415L KA 220V MFRIO HORIZ GE37
400175;GEL 1P 0415L KA 220V MFRIO GAR 415
400176;GEL 2P 0420L BA 220V GELOP GVM57
400177;GEL 2P 0420L BL 220V GELOP HIBRIDA
400178;GEL 2P 0420L BP 220V GELOP HIBRIDA
400179;GEL 2P 0420L HK 220V GELOP GVM 57
400180;GEL 1P 0420L KA 220V HUSSM ARE 470 CCCIF
400181;GEL 1P 0420L KA 220V HUSSM ARE 470
400182;GEL 1P 0420L KA 220V HUSSM ARE 570 CCCIF
400183;GEL 1P 0420L KA 220V MFRIO VB43 EMS
400184;GEL 2P 0420L KA 220V GELOP GVM 57
400185;GEL 2P 0420L KA 220V GELOP GVM 57
400186;GEL 1P 0420L KA 220V MFRIO VERT GE12
400187;GEL 1P 0420L KA 220V MFRIO VERT GE15
400188;GEL 1P 0420L KA 220V MFRIO VERT GE26
400189;GEL 1P 0420L KA 220V MFRIO VERT GE35
400190;GEL 2P 0420L KA 220V GELOP HIBRIDA
400191;GEL 2P 0420L KA 220V GELOP HIBRIDA
400192;GEL 1P 0420L KA 220V GELOP VEU DE NOIVA
400193;GEL 1P 0420L KA 220V GELOP VEU DE NOIVA
400194;GEL 1P 0420L KA 220V GELOP VEU DE NOIVA
400195;GEL 1P 0420L KA 220V GELOP VEU DE NOIVA
400196;GEL 1P 0420L KA 220V GELOP VEU DE NOIVA
400197;GEL 1P 0420L KA 220V GELOP VEU DE NOIVA
400198;GEL 1P 0420L SL 220V HUSSM ARE 470
400199;GEL 1P 0420L SL 220V HUSSM ARE 470
400200;GEL 1P 0420L SL 220V HUSSM ARE 570 CCCIF
400201;GEL 1P 0420L SL 220V MFRIO VB43 EMS
400202;GEL 1P 0420L SL 220V MFRIO VB43R
400203;GEL 2P 0420L SL 220V GELOP GVM 57
400204;GEL 1P 0420L SL 220V GELOP VCV 2D 04
400205;GEL 1P 0420L SL 220V MFRIO
400206;GEL 2P 0420L SL 220V GELOP HIBRIDA
400207;GEL 1P 0420L SL 220V MFRIO VEU DE NOIVA
400208;GEL 1P 0420L SL 220V GELOP VEU DE NOIVA
400209;GEL 1P 0420L XG 220V GELOP GVM 57
400210;GEL 1P 0434L BA 220V MFRIO VB43RF PVDRO
400211;GEL 1P 0434L BA 220V MFRIO VN44C
400212;GEL 1P 0434L BP 220V MFRIO VB43RF PVDRO
400213;GEL 1P 0434L BP 220V MFRIO VN44C
400214;GEL 1P 0434L HK 220V MFRIO VB43RF PVDRO
400215;GEL 1P 0434L HK 220V MFRIO VN44C
400216;GEL 1P 0434L KA 220V MFRIO VB43RF PVDRO
400217;GEL 1P 0434L SL 220V MFRIO VB43RF PVDRO
400218;GEL 1P 0434L SL 220V MFRIO VN44C
400219;GEL 1P 0434L SM 220V MFRIO VB43RF PVDRO
400220;GEL 1P 0434L XG 220V MFRIO VB43RF PVDRO
400221;GEL 1P 0450L XG 220V GELOP PCEGA
400222;GEL 1P 0450L XG 220V GELOP PVDRO
400223;GEL 1P 0570L KA 220V GELOP G3R26 CIF
400224;GEL 1P 0575L BA 220V GELOP PCEGA
400225;GEL 1P 0575L BA 220V GELOP PVDRO
400226;GEL 1P 0575L HK 220V GELOP PCEGA
400227;GEL 1P 0575L KA 220V GELOP GRBA
400228;GEL 1P 0575L KA 220V GELOP PCEGA
400229;GEL 1P 0575L KA 220V GELOP PVDRO
400230;GEL 1P 0575L SL 220V GELOP PCEGA
400231;GEL 1P 0575L SL 220V GELOP PVDRO
400232;GEL 1P 0575L XG 220V GELOP PCEGA
400233;GEL 2P 1000L BA 220V MFRIO VB99SF
400234;GEL 2P 1000L BA 220V HUSSM ARV1230D EMS
400235;GEL 2P 1000L KA 220V MFRIO VB99SF
400236;GEL 2P 1000L KA 220V MFRIO VN82S
400237;GEL 2P 1000L KA 220V MFRIO VN82S
400238;GEL 2P 1000L KA 220V HUSSM ARV1230B EMS
400239;GEL 2P 1000L KA 220V MFRIO
400240;GEL 2P 1000L KA 220V HUSSM ARV1230AS EMS
400241;GEL 2P 1000L SL 220V MFRIO
400242;GEL 2P 1000L SL 220V HUSSM ARV1230B EMS
400243;GEL 2P 1000L SL 220V MFRIO VN82S P DUPLA
400244;GEL 2P 1000L SL 220V HUSSM ARV1230AS EMS
400245;GEL 2P 1000L SL 220V MFRIO VB99SF
400246;CHP 3V TORRE TERM VIN SERVICE
400247;CHP 4V TORRE TERM
400248;CHP 1V CONVENCIONAL LANCER
400249;CHP 4V 1 2 LUA STAMBEER
400250;CHP 2V CONVENCIONAL LANCER
400251;CHP 2V EXPANSAO DIRETA FIBRA MEMO
400252;CHP 2V EXPANSAO DIRETA INOX VIN SERVICE
400253;CHP 2V EXPANSAO DIRETA INOX MEMO KA
400254;CHP 2V EXPANSAO DIRETA INOX MEMO SL
400255;CHP 2V EXPANSAO DIRETA INOX VIN SERV HK
400256;CHP 1V GELO COOLER MEMO HK
400257;CHP 1V GELO COOLER MEMO SL
400258;CHP 1V GELO COOLER MEMO XG
400259;CHP 1V GELO COOLER MEMO SL
400260;CHP 2V MAGNUM LANCER
400261;CHP 2V MAGNUM LANCER
400262;CHP 1V SMALL MEMO
400263;CHP 1V MUNICH LANCER
400264;CHP 1V MUNICH LANCER
400265;CHP 2V MUNICH LANCER
400266;CHP 2V MUNICH LANCER
400267;CHP 2V NAJA VIN SERVICE
400268;CHP 2V PANTHER VIN SERVICE
400269;CHP 3V PANTHER VIN SERVICE
400270;CHP 1V TORRE VIN SERVICE
400271;CHP 1V TORRE VIN SERVICE
400272;CHP 1V TORRE VIN SERVICE
400273;CHP 2V TORRE VIN SERVICE
400274;CHP 2V TORRE VIN SERVICE
400275;CHP 3V TORRE CENTROQUIMICA
400276;CHP 3V TORRE VIN SERVICE
400277;CHP 4V TORRE CARMONA
400278;CHP 4V TORRE CENTROQUIMICA
400279;CHP 4V TORRE MEMO
400280;CHP 4V TORRE VIN SERVICE
400281;CHP 2V TORRE TRAVE MEMO SL
400282;CHP 3V TORRE TRAVE MEMO SL
400283;CHP 2V TURBO VIN SERVICE
400284;CHP 1V TULIPA VIN SERVICE
400285;CHP 2V TULIPA VIN SERVICE
400286;CHP 2V TURBO LANCER
400287;CHP 2V TURBO LANCER
400288;CHP 3V TORRE TRAVE MEMO
400289;CHP 4V TORRE TRAVE MEMO
400290;CHP 5V TORRE TRAVE MEMO
400291;CHP 1V EXP FACILE PRETO MEMO 110V
400292;CHP 2V EXP ADVANTAGE INOX MEMO
400293;CHP1V EXP SMALL INOX MEMO 110V
400294;GEL MP 0040L CC 220V VENDO NVA 40 MEX
400295;GEL MP 0041L BN 220V VENDO VR1.5
400296;GEL MP 0041L BN 220V VENDO SVE B48
400297;GEL MP 0070L CC 220V GELOP NEVIZ
400298;GEL MP 0097L CC 220V MFRIO VB10
400299;GEL MP 0097L CC 220V GELOP VR04D
400300;GEL MP 0097L CC 220V GELOP VR03
400301;GEL MP 0113L CC 220V MFRIO HORIZ HO42
400302;GEL MP 0113L CC 220V MFRIO HB11
400303;GEL MP 0113L MM 220V MFRIO HB11
400304;GEL MP 0127L CC 220V MFRIO
400305;GEL MP 0127L CC 220V MFRIO
400306;GEL MP 0127L CC 220V VENDO VR 1.5
400307;GEL MP 0127L CC 220V VENDO VR04
400308;GEL MP 0127L CC 220V MFRIO GE51
400309;GEL MP 0127L CC 220V MFRIO VB12R
400310;GEL MP 0127L CC 220V MFRIO WL476
400311;GEL MP 0127L CC 220V MFRIO BABY
400312;GEL MP 0127L CC 220V ALPUN HANCING
400313;GEL MP 0127L CC 220V MFRIO VM15
400314;GEL MP 0127L ML 220V MFRIO VB12RL C VENT
400315;GEL MP 0127L MM 220V MFRIO VB12R
400316;GEL MP 0127L PW 220V MFRIO VB12L
400317;GEL MP 0127L SQ 220V MFRIO VB12RL
400318;GEL MP 0150L CC 220V VENDO CCH150
400319;GEL 1P 0200L CC 220V HUSSM HM 200
400320;GEL 1P 0230L CC 220V GELOP VR08 RP
400321;GEL 1P 0230L CC 220V GELOP VR08 CCVR 04D
400322;GEL 1P 0230L CC 220V GELOP SLIM
400323;GEL 1P 0230L DV 220V GELOP VR 08
400324;GEL 1P 0230L ML 220V MFRIO VB30RL C VENT
400325;GEL 1P 0248L CC 220V MFRIO VB30RA
400326;GEL 1P 0248L DV 220V MFRIO VB30RL
400327;GEL 1P 0248L SQ 220V MFRIO VB30RL
400328;GEL 1P 0300L CR 220V MFRIO
400329;GEL 1P 0300L CC 220V MFRIO
400330;GEL 1P 0300L CC 220V GELOP VR10
400331;GEL 1P 0300L CC 220V MFRIO VB28R
400332;GEL 1P 0300L CC 220V MFRIO VERT GE04
400333;GEL 1P 0300L CC 220V MFRIO VERT GE09
400334;GEL 1P 0300L CC 220V MFRIO VERT GE11
400335;GEL 1P 0300L CC 220V VENDO VERT NAFC10
400336;GEL 1P 0300L CC 220V VENDO VERT NAFC7
400337;GEL 1P 0300L CC 220V VENDO VERT NM10
400338;GEL 1P 0300L CC 220V MFRIO VERT VB28R
400339;GEL 1P 0300L CC 220V MFRIO VERT GE02
400340;GEL 1P 0300L CC 220V MFRIO MINI
400341;GEL 1P 0300L CC 220V MFRIO
400342;GEL 1P 0300L CC 220V GELOP GAR 300
400343;GEL 1P 0315L CC 220V GELOP GAR 315
400344;GEL 1P 0320L CC 220V VENDO CCV 320 MX SG
400345;GEL 1P 0330L CC 220V MFRIO HORIZ GE32
400346;GEL 1P 0345L CC 220V MFRIO HORIZ GE38
400347;GEL 1P 0415L CC 220V GELOP VRF 424
400348;GEL 1P 0415L CC 220V GELOP 6326
400349;GEL 1P 0415L CC 220V GELOP G3 26 MEX
400350;GEL 1P 0415L CC 220V MFRIO HORIZ GE06
400351;GEL 1P 0415L CC 220V MFRIO HORIZ GE33
400352;GEL 1P 0415L CC 220V MFRIO HORIZ HO03
400353;GEL 1P 0415L CC 220V MFRIO HORIZ HO05
400354;GEL 1P 0415L CC 220V MFRIO HORIZ HO09
400355;GEL 1P 0415L CC 220V MFRIO HORIZ HO11
400356;GEL 1P 0415L CC 220V MFRIO HORIZ HO15
400357;GEL 1P 0415L CC 220V MFRIO HORIZ HO17
400358;GEL 1P 0415L CC 220V MFRIO HORIZ HO19
400359;GEL 1P 0415L CC 220V MFRIO HORIZ HO21
400360;GEL 1P 0415L CC 220V MFRIO HORIZ HO23
400361;GEL 1P 0415L CC 220V MFRIO HORIZ HO25
400362;GEL 1P 0415L CC 220V MFRIO HORIZ HO29
400363;GEL 1P 0415L CC 220V MFRIO HORIZ HO31
400364;GEL 1P 0415L CC 220V MFRIO HORIZ HO33
400365;GEL 1P 0415L CC 220V MFRIO HORIZ HO34
400366;GEL 1P 0415L CC 220V MFRIO HORIZ HO35
400367;GEL 1P 0415L CC 220V MFRIO HORIZ HO36
400368;GEL 1P 0415L CC 220V GELOP HORIZ HO37
400369;GEL 1P 0415L CC 220V MFRIO HORIZ HO38
400370;GEL 1P 0415L CC 220V MFRIO GAR 415
400371;GEL 1P 0415L CC 220V MFRIO HORIZ
400372;GEL 1P 0420L CR 220V MFRIO VERT GE08
400373;GEL 1P 0420L CR 220V MFRIO VERT GE40
400374;GEL 1P 0420L CC 220V GELOP G3R26 CIF
400375;GEL 1P 0420L CC 220V MFRIO
400376;GEL 1P 0420L CC 220V MFRIO
400377;GEL 1P 0420L CC 220V GELOP GVR 43 T CIF
400378;GEL 1P 0420L CC 220V GELOP GVR43T
400379;GEL 1P 0420L CC 220V GELOP GVR43T
400380;GEL 1P 0420L CC 220V HUSSM ARE 470 CCCIF
400381;GEL 1P 0420L CC 220V HUSSM ARE 570 CCCIF
400382;GEL 1P 0420L CC 220V HUSSM ARE 470 EMS
400383;GEL 1P 0420L CC 220V MFRIO VB43 EMS
400384;GEL 1P 0420L CC 220V MFRIO VB43RL LED
400385;GEL 1P 0420L CC 220V MFRIO FRENT AMP EMS
400386;GEL 1P 0420L CC 220V VENDO VR17
400387;GEL 1P 0420L CC 220V GELOP VR17
400388;GEL 1P 0420L CC 220V MFRIO VERT GE03
400389;GEL 1P 0420L CC 220V MFRIO VERT GE05
400390;GEL 1P 0420L CC 220V MFRIO VERT GE08
400391;GEL 1P 0420L CC 220V MFRIO VERT GE10
400392;GEL 1P 0420L CC 220V MFRIO VERT GE20
400393;GEL 1P 0420L CC 220V MFRIO VERT GE22
400394;GEL 1P 0420L CC 220V MFRIO VERT GE24
400395;GEL 1P 0420L CC 220V MFRIO VERT GE25
400396;GEL 1P 0420L CC 220V MFRIO VERT GE31
400397;GEL 1P 0420L CC 220V MFRIO VERT GE40
400398;GEL 1P 0420L CC 220V MFRIO VERT GE41
400399;GEL 1P 0420L CC 220V MFRIO VERT GE43
400400;GEL 1P 0420L CC 220V MFRIO VERT GE46
400401;GEL 1P 0420L CC 220V MFRIO VERT GE47
400402;GEL 1P 0420L CC 220V MFRIO VERT GE53
400403;GEL 1P 0420L CC 220V MFRIO VERT GE54
400404;GEL 1P 0420L CC 220V MFRIO VERT GE56
400405;GEL 1P 0420L CC 220V MFRIO VERT GE61
400406;GEL 1P 0420L CC 220V MFRIO VERT RE02
400407;GEL 1P 0420L CC 220V GELOP VERT BAEB
400408;GEL 1P 0420L CC 220V MFRIO VERT VB40R
400409;GEL 1P 0420L CC 220V MFRIO VERT VB43R
400410;GEL 1P 0420L CC 220V MFRIO
400411;GEL 1P 0420L CC 220V MFRIO
400412;GEL 1P 0420L CC 220V GELOP FRENTE AMPLA
400413;GEL 1P 0420L CC 220V MFRIO V400
400414;GEL 1P 0420L CC 220V GELOP KS 220
400415;GEL 1P 0420L DV 220V MFRIO VB43RE
400416;GEL 1P 0420L DV 220V GELOP GAR 08DV
400417;GEL 1P 0420L KT 220V GELOP GVR 43 T
400418;GEL 1P 0420L KT 220V GELOP GVR 43 T CIF
400419;GEL 1P 0420L KT 220V MFRIO VB43
400420;GEL 1P 0420L KT 220V MFRIO VB43 EMS
400421;GEL 1P 0420L ML 220V MFRIO VB43RL C VENT
400422;GEL 1P 0420L PW 220V MFRIO VB43RL
400423;GEL 1P 0420L SQ 220V MFRIO VB43RL
400424;GEL 1P 0434L MM 220V MFRIO VB43R
400425;GEL 1P 0434L MM 220V MFRIO GAR08C
400426;GEL 1P 0434L MM 220V MFRIO VB43R
400427;GEL 1P 0435L CC 220V ALPUN VRS19
400428;GEL 4P 0470L CC 220V MFRIO VB32 EMS
400429;GEL 4P 0470L CC 220V MFRIO FAST LANEGE07
400430;GEL 4P 0470L CC 220V MFRIO FAST LANERE03
400431;GEL 4P 0470L CC 220V MFRIO COLD34
400432;GEL 4P 0470L CC 220V MFRIO COLD47
400433;GEL 4P 0470L CC 220V MFRIO FAST LANE
400434;GEL 1P 0500L CC 220V VENDO CCV500 SG
400435;GEL 1P 0570L CC 220V MFRIO
400436;GEL 1P 0577L CC 220V GELOP BALCAO GHR19C
400437;GEL 1P 0630L CC 220V MFRIO VB63
400438;GEL 2P 1000L CC 220V MFRIO
400439;GEL 2P 1000L CC 220V MFRIO VB99
400440;GEL 2P 1000L CC 220V MFRIO
400441;GEL 2P 1000L CC 220V MFRIO VB99R
400442;GEL 2P 1000L CC 220V HUSSM ARV1230D EMS
400443;GEL 2P 1000L CC 220V MFRIO GE14
400444;GEL 2P 1000L CC 220V MFRIO GE21
400445;GEL 2P 1000L CC 220V MFRIO GE23
400446;GEL 2P 1000L CC 220V HUSSM GE58
400447;GEL 2P 1000L CC 220V GELOP GE42
400448;GEL 3P 1000L CC 220V GELOP G342T
400449;GEL 2P 1000L CC 220V MFRIO GE45
400450;GEL 2P 1000L CC 220V MFRIO
400451;GEL 3P 1200L CC 220V VENDO 03CV3
400452;GEL 3P 1200L CC 220V VENDO G3 19 GAVETA
400453;GEL 3P 1200L CC 220V VENDO G3 19COND SG
400454;GEL 3P 1200L CC 220V VENDO GE42
400455;GEL 3P 1500L CC 220V GELOP GE72L
400456;POM 5V LANCER
400457;POM 5V STANDARD LANCER
400458;POM 8V TORRE CINEMARK SERVOMATIC
400459;POM 8V TORRE STILLUS CINEMARK DUP SERVO
400460;POM 8V TORRE STILLUS CINEMARK SIMP SERVO
400461;POM 4V ALICON
400462;POM 4V BABY LANCER
400463;POM 4V BABY LANCER
400464;POM 6V BAR GUN LANCER
400465;POM 5V DELTA LANCER
400466;POM 8V ENDURO 250 COLD MIX
400467;POM 4V IPANEMA LANCER
400468;POM 5V IPANEMA LANCER
400469;POM 5V JUMBO LANCER
400470;POM 4V LANCER
400471;POM 5V LANCER
400472;POM 6V MAGNUM LANCER
400473;POM 6V MAGNUM LANCER
400474;POM 6V OLYMPUS COLD MIX
400475;POM 6V PRACTICE LANCER
400476;POM 4V PRATICE LANCER
400477;POM 5V PRATICE LANCER
400478;POM 4V PRATICE MIX E CHP LANCER
400479;POM 4V SLURP LANCER
400480;POM 4V STANDARD LANCER
400481;POM 10V TORRE CINE COLD MIX
400482;POM 4V TORRE LANCER
400483;POM 5V TORRE LANCER
400484;POM 6V TORRE LANCER
400485;POM 8V TORRE LANCER
400486;POM 8V TORRE LANCER
400487;POM 5V BAR GUN VIN SERVICE
400488;POM 5V TORRE CROWN TOWER LANCER
400489;POM 6V TORRE DOUBLE RED HEAD LANCER
400490;POM 6V TORRE IDD MD 150 LANCER
400491;POM 8V TORRE IDD MD 200 LANCER
400492;POM 5V TORRE PORCELANA LANCER
400493;POM 6V TORRE LANCER
400494;POM 5V TORRE RWS LANCER
400495;POM 5V TURBO LANCER
400496;POM 5V TURBO LANCER
400497;POM 6V TURBO LANCER
400498;POM 6V DELTA LANCER
400499;POM 8V VANGUARD COLDMIX
400500;POM 6V BARGUN WBM 860DLSII COLD MIX
400501;POM 4V VENTURE LANCER
400502;POM 5V VENTURE LANCER
400503;POM 8V TORRE TRIUNPH SERVOMATIC
400504;POM 6V TORRE LANCER
400505;POM 4V COLD MIX SUCO
400506;VMC VM9 PET2L DIXIE NARCO
400507;VMC 470BRC PET2L ELETROMECANICA VENDO
400508;VMC VM1 PET1L ROYAL
400509;VMC VM3 PET1L ROYAL
400510;VMC VM2 DN276 DIXIE NARCO
400511;VMC VM3 PET600 G3 ROYAL
400512;VMC VM8 PET600 G3 ROYAL
400513;VMC 444BRC ELETRONICA VENDO
400514;VMC VM10 COM ELETRONICA VENDO
400515;VMC 444BRC PET2L ELETRONICA VENDO
400516;VMC VM4 ELETROMECANICA ROYAL
400517;VMC VM5 G2 ELETRONICA ROYAL
400518;VMC 470BRC ELETROMECANICA VENDO
400519;VMC VM7 MERLYN ROYAL
400520;VMC V21 CHAMELEON 621 VENDO
400521;VMC VM8 G3 ELETRONICA ROYAL
400522;VMC V21 CHAMELEON 821 VENDO
400523;CHP 1V TORRE GELO
400524;CHP 2V TORRE GELO
400525;CHP 2V ELETRICA EVOLUTION MOD14L
400526;CHP 2V ELETRICA EVOLUTION MOD14EB
400527;GEL MP 0126L BN 110V MFRIO
400528;GEL 1P 0440L SC 110V
400529;GEL 1P 0414L CC 110V CARRIER V400
400530;GEL 2P 1230L CC 110V HUSMANN
400531;GEL 4P 0600L CC 110V MFRIO FLANE
400532;GEL MP 0095L BN 110V HB11
400533;GEL 1P 0434L EQ 110V VB43
400534;GEL 1P 0434L EQ 110V VB43CONTROLE
400535;GEL 1P 0434L KA 110V VB43 KAISER
400536;GEL 1P 0099L MM 110V VB10R
400537;GEL 1P 0099L BN 110V VB10R
400538;GEL 1P 0434L AQ 110V VB43
400539;GEL 1P 0470L CC 110V HUSMANN VB43
400540;GEL 1P 0570L SL 110V HUSMANN VN VB43
400541;GEL 2P 0892L HK 110V MFRIO FLANE
400542;GEL MP 0063L CC 110V MFRIO VB63R
400543;GEL MP 0095L CC 110V FRICON
400544;GEL 1P 0430L MM 110V GELOPAR GVR43T
400545;GEL MP 0097L KT 110V MFRIO
400546;GEL 3P 1856L CC 110V GELOPAR
400547;GEL 1P 0211L CC 110V MFRIO HORIZ
400548;GEL 1P 0211L KA 110V MFRIO HORIZ
400549;GEL 2P 0430L CC 110V MFRIO HORIZ
400550;GEL 2P 0430L KA 110V MFRIO HORIZ
400551;GEL 1P 0200L CC 110V PROSD HORIZ
400552;GEL 2P 0450L CC 110V PROSD HORIZ
400553;GEL 2P 0450L KA 110V PROSD HORIZ
400554;GEL 1P 0235L CC 110V REUBLY HORIZ
400555;GEL 1P 0238L KA 110V REUBLY HORIZ
400556;GEL 2P 0385L CC 110V REUBLY HORIZ
400557;GEL 2P 0385L KA 110V REUBLY HORIZ
400558;GEL 2P 0415L CC 110V REUBLY HORIZ
400559;GEL 2P 0450L KA 110V PROSD HORIZ
400560;GEL 1P 0400L CC 110V MFRIO
400561;GEL 1P 0464L CC 110V MFRIO SILK
400562;GEL 1P 0495L CC 110V MFRIO VERT
400563;GEL 1P 0495L KA 110V MFRIO VERT
400564;GEL 2P 1248L CC 110V MFRIO
400565;GEL 2P 0430L CC 110V MFRIO VB43
400566;GEL 1P 0290L CC 110V REUBLY
400567;GEL 1P 0115L HK 110V REUBLY
400568;GEL MP 0060L CC 110V MFRIO HORIZ
400569;GEL 2P 0419L KA 110V MFRIO HORIZ
400570;GEL 2P 0402L KA 110V MFRIO HORIZ
400571;GEL 4P 0600L CC 110V MFRIO FLANE
400572;GEL 1P 0066L CC 110V MFRIO DL48B
400573;GEL 2P 0233L KA 110V MFRIO HORIZ
400574;GEL 1P 0126L KP 110V MFRIO KAPO
400575;GEL 1P 0330L KA 110V MFRIO VN
400576;GEL 1P 0201L CC 110V ZANUSSI
400577;GEL 1P 0330L KA 110V MFRIO HORIZ
400578;GEL 2P 1000L CC 110V PPIENK HORIZ
400579;GEL 3P 1000L CC 110V PPIENK HORIZ
400580;GEL 4P 1000L CC 110V PPIENK HORIZ
400581;GEL 5P 1000L CC 110V PPIENK HORIZ
400582;GEL 2P 0415L KA 110V REUBLY
400583;GEL 2P 0500L CC 110V ELETROLUX HORIZ
400584;GEL 2P 0280L BV 110V MFRIO HORIZ
400585;GEL 2P 0290L BV 110V FRICON HORIZ
400586;GEL 2P 0310L BV 110V REUBLY HORIZ
400587;GEL 2P 0556L KA 110V MFRIO VN
400588;GEL 2P 0892L KA 110V MFRIO FLANE
400589;GEL 1P 0400L SL 110V HUSSM PCEGA ARE400B
400590;GEL MP 0126L NT 110V MFRIO
400591;GEL MP 0126L CC 110V MFRIO
400592;GEL MP 0097L CC 110V MFRIO VB10
400593;GEL 1P 0420L CC 110V MFRIO VERT VB43R
400594;GEL 1P 0500L S L 110V FLORESTA HORIZ
400595;GEL 1P 0434L HK 110V MFRIO VN44C
400596;GEL 1P 0126L EQ 110V MFRIO
400597;GEL 1P 0126L BN 110V MFRIO
400598;GEL 1P 0420L CC 110V MFRIO VERT VB40R
400599;GEL 1P 0434L SL 110V MFRIO VN44C
400600;GEL 2P 1000L SL 110V MFRIO VN82S P DUPLA
400601;GEL 1P 0280L SL 110V MFRIO VN28C
400602;GEL 1P 0420L SL 110V MFRIO VB43R
400603;GEL 1P 0420L CC 110V MFRIO VERT GE43
400604;GEL 2P 1000L CC 110V MFRIO VB99
400605;GEL 4P 0470L CC 110V MFRIO FAST LANE
400606;GEL 1P 0434L MM 110V MFRIO VB43R
400607;GEL MP 0127L MM 110V MFRIO VB12R
400608;GEL 2P 1000L CC 110V HUSSM GE58
400609;GEL MP 0127L CC 110V MFRIO VB12R
400610;GEL MP 0113L CC 110V MFRIO HB11
400611;GEL 1P 0420L CC 110V HUSSM ARE 470 CCCIF
400612;GEL 1P 0420L CC 110V HUSSM ARE 470 EMS
400613;GEL MP 0040L S L 110V MFRIO BRANCA
400614;GEL MP 0042L S L 110V MFRIO BRANCA
400615;GEL 1P 0320L HK 110V MFRIO VEU DE NOIVA
400616;GEL MP 0097L SL 110V MFRIO VB10
400617;GEL MP 0127L HK 110V MFRIO VB12R
400618;GEL 1P 0420L CC 110V GELOP GVR43T
400619;GEL 1P 0387L KA 110V GELOP GVC45
400620;GEL 1P 0420L SL 110V GELOP VEU DE NOIVA
400621;GEL 1P 0575L KA 110V GELOP PCEGA
400622;GEL 1P 0575L SL 110V GELOP PCEGA
400623;GEL MP 0097L CC 110V GELOP VR04D
400624;GEL 1P 0575L HK 110V GELOP PCEGA
400625;GEL MP 0015L BN 110V YETI
400626;GEL 1P 0420L DV 110V MFRIO VB43RE
400627;GEL 1P 0230L SL 110V GELOP VR 08
400628;GEL 1P 0230L CC 110V GELOP SLIM
400629;GEL 1P 0230L CC 110V GELOP SLIM
400630;GEL 1P 0230L CC 220V GELOP SLIM
400631;GEL 1P 0420L SQ 110V MFRIO VB43RL
400632;GEL 1P 0248L SQ 110V MFRIO VB30RL
400633;GEL 3P 1500L CC 110V GELOP GE72L
400634;GEL 1P 0434L MM 110V MFRIO GAR08C
400635;GEL 1P 0300L DV 110V MFRIO SLIM
400636;GEL 1P 0460L CC 110V YETI VR17
400637;GEL MP 0100L CC 110V COUNTER TOP
400638;GEL 1P 0230L DV 110V GELOP VR 08
400639;GEL MP 0090L DV 110V GAR08
400640;GEL 1P 0230L ML 110V MFRIO VB30RL C VENT
400641;GEL MP 0127L PW 110V MFRIO VB12L
400642;GEL MP 0127L ML 110V MFRIO VB12RL C VENT
400643;GEL 1P 0230L CC 110V GELOP VR 08 CCVR04D
400644;GEL 1P 0420L ML 110V MFRIO VB43RL C VENT
400645;VENDING MACHINE
400646;GEL 1P 0500L S L 110V PROSD HORIZ
400647;GEL 2P 0500L S L 110V PROSD HORIZ
400648;GEL 1P 0211L CC 110V MFRIO HORIZ
400649;GEL 2P 0430L CC 110V MFRIO HORIZ
400650;GEL 1P 0235L CC 110V REUBLY HORIZ
400651;GEL 2P 0385L CC 110V REUBLY HORIZ
400652;GEL MP 0070L CC 110V DL7
400653;GEL 1P 0420L CC 110V MFRIO VERT GE46
400654;GEL 4P 0470L CC 110V MFRIO COLD47
400655;GEL 1P 0420L KA 110V MFRIO VERT GE35
400656;GEL 1P 0300L CC 110V MFRIO VB28R
400657;GEL 2P 1000L CC 110V MFRIO
400658;GEL 1P 0420L KA 110V MFRIO VERT GE26
400659;GEL 1P 0420L KA 110V MFRIO VERT GE12
400660;GEL MP 0127L CC 110V MFRIO WL476
400661;GEL 1P 0387L SM 110V MFRIO VN44S
400662;GEL 1P 0420L KA 110V HUSSM ARE 470
400663;GEL 4P 1000L CC 110V PPIENK HORIZ
400664;GEL 1P 0280L KA 110V MFRIO VN28C
400665;GEL 1P 0434L BA 110V MFRIO VN44C
400666;GEL MP 0113L CC 110V MFRIO HORIZ HO42
400667;GEL 1P 0330L BA 110V GELOP GVC33
400668;GEL 1P 0230L SM 110V GELOP VR 08 CCVR04D
400669;POM 6V JUMBO 220V
400670;POM 24V TORRE 220V
400671;POM 3V TORRE 220
400672;POM 5V VENTURE 110V
400673;VMC 756ELT ELETROMECANICA CC
400674;VMC 470TSM ELETROMECANICA CC
400675;VMC 470EMC ROYAL CC
400676;GEL 4P 0470L CC 220V MFRIO VB32 EMS
400677;GEL 1P 0210L CC 220V MFRIO VB21 CC
400678;GEL 1P 0214L SQ 220V MFRIO VB21RL SQ
400679;GEL MP 0127L DV 220V MFRIO VB12RL DV
400680;GEL 1P 0230L CC 220V ALPUN VR08 ALPUNTO
400681;GEL 1P 0230L SQ 220V MFRIO VB32RL SQ
400682;GEL 1P 0273L HK 220V MFRIO VN29C HK
400683;GEL MP 0015L BN 220V YETI
400684;GEL MP 0048L BN 110V VENDO MINIVENDING
400685;GEL MP 0048L BN 220V VENDO MINIVENDING
400686;GEL MP 0090L DV 220V GAR08
400687;GEL MP 0100L CC 220V COUNTER TOP
400688;GEL 1P 0420L HK 110V ALPUN CCV355
400689;GEL MP 0127L DV 220V ALPUN VR04
400690;GEL 1P 0420L ML 110V ALPUN VR17
400691;GEL 1P 0420L HK 110V ALPUN CCV355 PCEGA
400692;GEL 1P 0280L HK 110V ALPUN PCEGA CCV252
400693;CHP 1V TORRE FOUNTAIN HEYCOP HK
400694;POM 6V BARGUN CELLI 4+2 LINHAS SERVOMATI
400695;POM 6V TORRE STILLUS� 2330 ELET. SERVOM
400696;POM 10V TORRE STILLUS� 2330 ELET. SERVOM
400697;POM 6V TORRE DROP IN PORTION 2323
400698;CHP 1V TORRE EXTRA COLD CELLI HK
400699;GEL 1P 0420L DV 110V ALPUN VR17
400700;GEL 1P 0420L ML 110V ALPUN VR17
400701;GEL MP 0047L BN 110V ALPUN VR1.5
400702;GEL 1P 0300L HK 220V ALPUN VN CCV252
400703;GEL 2P 1000L CC 220V ALPUN GE42
400704;GEL 2P 1000L CC 110V ALPUN GE42
400705;COOLER BURN GELOPAR GLTA070
400706;GEL 1P 0420L CR 110V ALPUN VRS19
400707;GEL 1P 0420L DV 110V ALPUN VRS19
400708;GEL 1P 0230L DV 110V ALPUN VR08
400709;GEL 1P 0420L DV 220V ALPUN VRS19
400710;GEL 1P 0420L HK 220V ALPUN CCV355 PCEGA
400711;GEL 1P 0420L HK 220V ALPUN CCV355 PVIDRO
400712;GEL 1P 0230L HK 110V ALPUN CCV144
400713;GEL 1P 0230L SQ 220V ALPUN VR08 SLIM
400714;GEL 1P 0420L CR 220V ALPUN VRS19
400715;GEL 1P 0180L CC 110V MFRIO VB18
400716;GEL 1P 0180L CC 220V MFRIO VB18
400717;GEL 1P 0210L CC 110V MFRIO VB21
400718;GEL 1P 0520L CC 110V MFRIO S525
400719;GEL 1P 0520L CC 220V MFRIO S525
400720;GEL 1P 0520L PW 220V MFRIO S521
400721;GEL 1P 0284L KA 220V FRICO PSEGA SLIM
400722;GEL 1P 0420L CC 220V ALPUN VRS16
400723;GEL 1P 0420L CC 110V ALPUN VRS16
400724;GEL 1P 0230L CC 220V ALPUN VRS08 LOWCOST
400725;GEL 1P 0230L CC 110V ALPUN VRS08 LOWCOST
400726;CHP 2V EXPANSAO DIRETA INOX MEMO HNK
400727;CHP 1V NAJA MEMO HNK
400728;GEL 1P 0420L CC 220V ALPUN VRS16 PCEGA
400729;GEL MP 0047L BN 110V ALPUN VR1.5(BRINDE)
400730;POM 8V TORRE CINEMARK COLDMIX
400731;CHP 2V NAJA MEMO HNK
400732;CHP 2V EXPANSAO DIRETA INOX MEMO AMSTEL
400733;MINICOOLER COCA-COLA
400734;MINICOOLERS KAISER
400735;GEL 1P 0273L 220V MFRIO VN29C KA
400736;GEL 1P 0320L 220V MFRIO VN29C BA
400737;CHP 2V CHOPEIRA GELO ICEBOX
400738;GEL 1P 0550L KA 220V MFRIO VN50R
400739;GEL 1P 0520L CC 220V MFRIO S521
400740;POM 6V TORRE NUEVA COLDMIX
400741;POM 6V TORRE NUEVA COLDMIX
400742;GEL 1P 0434L KA 110V MFRIO VN44R PVIDRO
400743;GEL 4P 0470L SQ 220V MFRIO VB32 EMS PT
400744;PRE PMG30PH GEL CHOPP
400745;PRE RESFRIADOR XT750FE1 BIRCO
400746;GELT 1P 0420L KA 220V ALPUN CCV315 PVIDR
400747;GELT 1P 0420L AM 110V ALPUN CCV315 PVIDR
400748;GELT 1P 0420L BA 220V ALPUN CCV315 PVIDR
400749;GELT 1P 0420L AM 110V ALPUN CCV315 PCEGA
400750;PRE RESFRIADOR XT750FE2 BIRCO
400751;GELT 1P 0420L AM 220V ALPUN CCV355 PVDRO
400752;GEL MP 0070L KA 110V GELOP NEVIZ
400753;GELT 1P 0420L BA 220V ALPUN CCV315 PVIDR
400754;GELT 1P 0230L HK 220V ALPUN CCV144 PCEGA
400755;CHPT MEMO CX050 AMSTEL 1V 220V
400756;PRE GLICOL 2 SAIDAS 80M 220V
400757;CHPT 1V TORRE IMPORT AMSTEL
400758;GEL 1P 0420L AM 110V ALPUN CCV355 PCEGA
400759;GEL 1P 0230L HK 220V ALPUN CCV144 PVIDR
400760;GELT 1P 420L AM 110V ALPUN CCV355 (CANC)
400761;GELT 1P 420L HK 110V ALPUN CCV355 (CANC)
400762;GELT 1P 230L HK 220V ALPUN CCV144 (CANC)
400763;GEL 4P 0470L CC 220V FAST LANE ALPUNTO
400764;GEL 4P 0470L CC 110V FAST LANE ALPUNTO
400765;POST MIX 4V TITAN COLD MIX
400766;GEL 1P 0240L CC 220V ALPUN EVC07
400767;GEL COOLER MONSTER GELOPAR GLTF075
400768;GEL 1P 0420L CC 110V TRAVA ALPUN VRS16
400769;CHP 3V EXPANSAO QUIOSQUE HNK
400770;GEL 1P 0240L CC 220V ALPUN EVC07
400771;GEL 1P 0420L CC 220V ALPUN VRS16 TRAVA
400772;POM 6V TITAN COLD MIX
400773;GEL 1P 420L CC 220V ALPUN G319 VIDEODOOR
400774;VMC CRANE GLASS FRONT BEVMAX4 110V
400775;GEL 1P 0230L CC 220V VR08 RETRO PRETA
400776;GEL 1P 0127L CC 220V VR04 BLACK
400777;GEL 1P 0230L CC 220V VR08 BLACK
400778;GEL 1P 0420L CC 220V ALPUN VRS16 BLACK
400779;GEL 1P 0127L CC 220V VR04 CZ ZAFFARI
400780;GEL 1P 0230L CC 220V VR08 CZ ZAFFARI
400781;GEL 1P 0420L CC 220V VRS16 CZ ZAFFARI
400782;GEL MP 0041L VC 220V VENDO VR1.5
400783;GEL MP 0041L CR 220V VENDO VR1.5
400784;GEL COOLER MONSTER 110V GELOPAR GLTF075
400785;GEL 1P 0420L CC 110V TRAVA ALPUN VRS16
400786;PRE RESFRIADOR HIBRIDO 3 VIAS MEMO
400787;GEL 5P 0400L CC 110V VRD20 ALL ACESS
400788;PRE RESFRIADOR R1000 FE4 BIRCO
400789;GEL 1P 0230L CC 110V VR08 ENTRY COOLER
400790;GEL 1P 0230L CC 220V ALPUN VR08 FARMA
400791;GEL 1P 0230L CC 220V VR08 ENTRY COOLER
400792;GEL 1P 0420L CC 110V VRS16 FARMA
400793;GEL 1P 0420L CC 110V VRS16 ENTRY COOLER
400794;GEL 1P 0420L CC 220V VRS16 FARMA
400795;GEL 1P 0420L CC 220V VRS16 ENTRY COOLER
400796;GEL 1P 0230L CC 110V ALPUN VR08 FARMA
400797;GELT COOLER HEINEKEN GELOPAR
400798;GELT COOLER BURN GELOPAR
400799;VMC SDX SNACKS SANDEN VENDO 220V
400800;GEL 1P 0230L CC 110V ALPUN VR08 BLACK
400801;GEL 1P 0420L CC 110V ALPUN VRS16 BLACK
400802;GEL 1P 0230L CC 220V VRS08 LOWCOST BLACK
400803;GEL 1P 0230L CC 110V VRS08 LOWCOST BLACK
400804;GEL 1P 0230L CC 220V VRS08 LOWCOST FARMA
400805;GEL 1P 0230L MO 220V VR08 C GARRA
400806;GEL 1P 0230L CC 110V ALPUN VR08 TRAVA
400807;GEL 1P 0230L CC 220V ALPUN VR08 TRAVA
400808;GEL 1P 0230L SMART W 220V ALPUN VR08
400809;GEL 1P 0230L CC 220V JUKE B MFRIO VB18
400810;GEL MP 0041L SMART W 220V ALPUN VR1.5
400811;POM 6V TORRE BRIDGE TOWER LANCER
400812;VMC VISION ESPLUS FAM 220V
400813;POST MIX 10V OPTIMA IBD22H
400814;GEL 1P 0127L MO 110V VR04 MONSTER
400815;GEL 1P 0420L DV 110V ALPUN VRS16
400816;GEL 1P 0420L DV 220V ALPUN VRS16
400817;POM 2V TWIN POUR LANCER
400818;MAQUINA GELO MEIA LUA LANCER
400819;MAQUINA GELO CUBELET LANCER
400820;GEL 1P 0420L VC 220V ALPUN VRS16
400821;GEL 1P 0420L VC 110V ALPUN VRS16
400822;GEL COOLER MONSTER 220V GELOPAR GLTF075
400823;GEL 4P 0470L CC 110V FAST LANE AP BLACK
400824;GEL 4P 0470L CC 220V FAST LANE AP BLACK
400825;GEL 1P 0420L CC 110V ALPUN VRS16 SMART C
400826;GEL 1P 0420L CC 220V ALPUN VRS16 SMART C
400827;GEL 1P 0230L CC 110V ALPUN VR08 SMART C
400828;GEL 1P 0230L CC 220V ALPUN VR08 SMART C
400829;GEL MP 0041L REIGN PT 110V ALPUN VR1.5
400830;GEL MP 0041L REIGN PT 220V ALPUN VR1.5
400831;GEL COOLER REIGN 110V GELOPAR GLTF075
400832;GEL 1P 0230L CC 110V VR08 RETRO PT ALPUN
400833;GEL 1P 0240L CC 110V ALPUN EVC07
400834;GEL COOLER REIGN 220V GELOPAR GLTF075
400835;GEL MP 0030L MO 110V ALPUN MINI OP C
400836;GEL MP 0030L MO 220V ALPUN MINI OP C
400837;GELT MP 0041L REIGN PT 110V ALPUN VR1.5
400838;GELT MP 0041L REIGN PT 220V ALPUN VR1.5
400839;GELT COOLER REIGN 110V GELOPAR GLTF075
400840;GELT COOLER REIGN 220V GELOPAR GLTF075
400841;GELT MP 0030L MO 110V ALPUN MINI OP C
400842;GELT MP 0030L MO 220V ALPUN MINI OP C
400843;GEL 2P 0240L CC 220V ALPUN PENTAGONO
400844;GEL 2P 1000L CC 220V MFRIO VB99R
400845;GEL 1P 0230L DV 220V ALPUN VR08
400846;GEL 1P 0230L ML 220V ALPUN VR08
400847;GEL 1P 0420L CC 110V ALPUN VR19
400848;GEL 1P 0420L DV 220V ALPUN VR17
400849;GEL 1P 0420L ML 220V ALPUN VR17
400850;GEL 3P 1000L CC 220V ALPUN G342
400851;POM 10V DROP IN P CONTROL COLD MIX
400852;POM 08V DROP IN P CONTROL COLD MIX
400853;POM 6V OLYMPUS PORTION CONTROL
400854;GEL 3P 1000L CC 110V ALPUN G342
400855;GEL 3P 1000L CC 220V ALPUN G342 MULTICAT
400856;GEL 3P 1000L CC 110V ALPUN G342 MULTICAT
400857;GEL 1P 0230L CC 220V ALPUN VR08 RETRO
400858;GEL 1P 0230L CC 110V ALPUN VR08 RETRO
400859;GEL 3P 1500L CC 220V GELOP GE72L MULTICA
400860;GEL 3P 1500L CC 110V GELOP GE72L MULTICA
400861;GEL 1P 0387L KA 110V MFRIO VN44C
400862;GEL 1P 0230L ML 110V ALPUN VR08
400863;GEL 1P 0230L HK 220V GELOP CCV144
400864;GEL 1P 0420L HK 220V ALPUN CCV355
400865;GELT 1P 0420L DV 220V MFRIO VB43RE
400866;GELT 1P 0420L PW 220V MFRIO VB43RL
400867;GELT MP 0127L DV 220V MFRIO VB12RL DV
400868;GELT 1P 0230L SQ 220V ALPUN VR08 SLIM
400869;GELT 1P 0230L DV 220V ALPUN VR08
400870;GEL 1P 0230L CC 110V ALPUN VR08
400871;GEL 1P 0230L CC 220V ALPUN VRS07
400872;GELT 1P 0230L PW 110V ALPUN VR08
400873;GEL 1P 0248L HK 220V MFRIO VB30RL
400874;GEL 1P 0320L SL 220V MFRIO VN29C
400875;GEL 1P 0434L BV 110V MFRIO VN44F
400876;GEL 1P 0434L BV 220V MFRIO VN44F
400877;GEL 1P 0434L HK 110V MFRIO VN44F
400878;GEL 1P 0434L HK 220V MFRIO VN44F
400879;GEL 1P 0434L KA 110V MFRIO VN44F
400880;GEL 1P 0434L KA 220V MFRIO VN44F
400881;GEL 1P 0565L BV 220V MFRIO VH50R
400882;GEL 1P 0565L HK 220V MFRIO VH50R
400883;GEL 1P 0565L KA 220V MFRIO VH50R
400884;GEL 2P 0430L CC 220V MFRIO HORIZ
400885;CHP 1V GELO COMERCIAL KA
400886;GEL 1P 0300L KA 220V BEARMACHINE
400887;CHP 2V CHALED 70 KA
400888;POM 6V SUPERMIX II SERVOMATIC
400889;CHP 1V MINI COPEIRA ACUAGEL KA
400890;CHP 1V MINI COPEIRA ACUAGEL HK
400891;CHP 1V EURO INOX SERVOMATIC
400892;CHP 1V EXPANSAO DIRETA GEL2 GELCHOPP
400893;CHP 2V EXPANSAO DIRETA GEL2 GELCHOPP
400894;CHP 1V EXPANSAO DIRETA GEL1 GELCHOPP
400895;CHP 2V EURO INOX SERVOMATIC
400896;GEL 1P 0230L CC 110V ALPUN VR08
400897;GEL MP 0127L CC 110V ALPUN VR04
400898;CHP 1V CHOPEIRA MOVEL GELO
400899;CHP 1V DAVID HK
400900;CHP 1V DAVID KA
400901;CHP 1V DAVID SL
400902;CHP 1V EXTRA COLD HK
400903;CHP 1V ICEFORT MEMO
400904;CHP 1V MIMO INOX MEMO
400905;CHP 1V MOLSON HK
400906;CHP 1V TORRE XTREME DRAUGHT
400907;CHP 2V ADVANTAGE INOX
400908;CHP 2V ALEMAN FIBRA
400909;CHP 2V ALEMAN FIBRA KA
400910;CHP 2V ALEMAN INOX HK
400911;CHP 2V ALEMAN INOX KA
400912;CHP 2V ALEMAN INOX SL
400913;CHP 2V BVBY KA
400914;CHP 2V BVVARIA CRYSTAL
400915;CHP 2V BVVARIA KA
400916;CHP 2V DAVID KA
400917;CHP 2V ELEGANCE FIBRA KA
400918;CHP 2V ELEGANCE INOX AM
400919;CHP 2V ELEGANCE INOX HK
400920;CHP 2V ELEGANCE INOX KA
400921;CHP 2V ELEGANCE INOX SL
400922;CHP 2V EXPANDER II INOX SERVOMATIC
400923;CHP 2V EXTRA COLD HK
400924;CHP 2V EXTRA COLD KA
400925;CHP 2V TORRE GIOTTO
400926;CHP 2V TORRE K KA
400927;CHP 2V TORRE SAXOFONE
400928;CHP 3V TORRE GELO
400929;CHP 3V TORRE GIOTTO
400930;CHP 3V TORRE SEVEN
400931;CHP 3V TORRE SEVEN STAMBEER
400932;CHP 3V TORRE TRAVE
400933;CHP 3V TRIBUS AM
400934;CHP 3V TRIBUS HK
400935;CHP 3V TRIBUS KA
400936;CHP 3V TRIBUS SL
400937;CHP 4V TORRE COLONIAL STAMBEER
400938;CHP 4V TORRE TETO GIBELI
400939;CHP 4V TORRE TRAVE
400940;CHP 5V TORRE TRAVE
400941;CHP 6V TORRE TRAVE
400942;CHP TORRE TRAVE ASPEN S DISPENS. GIBELI
400943;COOLER 1T 0100L KUAT
400944;GEL 1P 0100L BN 110V COOLER WARM
400945;GEL 1P 0099L BN 110V VB12
400946;GEL 1P 0099L BN 220V VB12
400947;GEL 1P 0099L CR 110V VB10
400948;GEL 1P 0099L CR 220V VB10
400949;GEL 1P 0099L PW 110V VB10
400950;GEL 1P 0099L PW 220V VB10
400951;GEL 1P 0099L SQ 110V VB10R
400952;GEL 1P 0099L SQ 220V VB10R
400953;GEL 1P 0230L CR 110V ALPUN VR08
400954;GEL 1P 0230L CR 220V ALPUN VR08
400955;GEL 1P 0230L SL 110V GELOP VR08 GELADACA
400956;GEL 1P 0230L SL 110V HUSSMANN
400957;GEL 1P 0230L SQ 110V ALPUN VR08
400958;GEL 1P 0248L CC 110V MFRIO VB30
400959;GEL 1P 0273L HK 110V MFRIO VN29
400960;GEL 1P 0280L HK 110V MFRIO VN28C
400961;GEL 1P 0280L HK 110V MFRIO VN28R
400962;GEL 1P 0280L HK 220V MFRIO VN28C
400963;GEL 1P 0280L HK 220V MFRIO VN28R
400964;GEL 1P 0290L KA 110V MFRIO VN29
400965;GEL 1P 0320L BV 110V MFRIO VN29
400966;GEL 1P 0320L BP 110V MFRIO VN29
400967;GEL 1P 0320L BP 220V MFRIO VN29
400968;GEL 1P 0320L KA 110V MFRIO VEU DE NOIVA
400969;GEL 1P 0320L KA 110V MFRIO VN29
400970;GEL 1P 0320L SL 110V MFRIO VN29C
400971;GEL 1P 0320L SU 110V MFRIO VN29
400972;GEL 1P 0320L SU 220V MFRIO VN29
400973;GEL 1P 0380L CC 110V CONSUL HORIZ
400974;GEL 1P 0380L CC 110V ELETROLUX
400975;GEL 1P 0380L CC 110V VEST FROST
400976;GEL 1P 0380L CC 220V ELETROLUX V400
400977;GEL 1P 0380L HK 110V VEST FROST
400978;GEL 1P 0380L KA 110V ELETROLUX
400979;GEL 1P 0380L KA 110V REUBLY
400980;GEL 1P 0380L KA 110V VEST FROST
400981;GEL 1P 0380L KA 110V ZANUSSI
400982;GEL 1P 0380L S LOGO 110V ELETROLUX
400983;GEL 1P 0380L S LOGO 110V VEST FROST
400984;GEL 1P 0380L SL 110V ELETROLUX
400985;GEL 1P 0414L CC 220V CARRIER V380 400
400986;GEL 1P 0420L CC 220V MFRIO SHOWCASE
400987;GEL 1P 0420L CC 220V MFRIO SHOWCASE K7
400988;GEL 1P 0420L CC 220V MFRIO VERT VK43 K7
400989;GEL 1P 0420L CR 110V MFRIO VERT VB40R
400990;GEL 1P 0420L CR 220V MFRIO VERT VB40R
400991;GEL 1P 0420L DV 110V MFRIO VERT VB40R
400992;GEL 1P 0420L HK 110V MFRIO VERT
400993;GEL 1P 0420L KA 110V MFRIO VERT
400994;GEL 1P 0420L VIDRO METALFRIO
400995;GEL 1P 0420L SQ 110V MFRIO VERT VB40R
400996;GEL 1P 0420L SQ 220V MFRIO VERT VB40R
400997;GEL 1P 0420L SU 110V MFRIO VB43R
400998;GEL 1P 0430L KA 110V MFRIO VN43
400999;GEL 1P 0430L KA 220V ELECTROLUX HORIZ
401000;GEL 1P 0430L KA 220V MFRIO VN43
401001;GEL 1P 0430L KG 110V MFRIO VN43
401002;GEL 1P 0430L KG 220V MFRIO VN43
401003;GEL 1P 0430L SL 110V MFRIO VN43
401004;GEL 1P 0430L SL 220V MFRIO VN43
401005;GEL 1P 0430L SU 110V MFRIO VN43
401006;GEL 1P 0430L SU 220V MFRIO VN43
401007;GEL 1P 0434L BV 110V MFRIO VB43RF
401008;GEL 1P 0434L BV 110V MFRIO VN43
401009;GEL 1P 0434L BV 110V MFRIO VN44G
401010;GEL 1P 0434L BV 220V MFRIO VN44G
401011;GEL 1P 0434L BP 110V MFRIO VB43RF
401012;GEL 1P 0434L BP 110V MFRIO VN43
401013;GEL 1P 0434L BP 110V MFRIO VN44C
401014;GEL 1P 0434L BP 220V MFRIO VN43
401015;GEL 1P 0434L CLUB ZERO 220V MFRIO VB43
401016;GEL 1P 0434L HK 110V MFRIO VB43
401017;GEL 1P 0434L KA 110V MFRIO VB43RF PVDRO
401018;GEL 1P 0434L KG 110V MFRIO VB43RF PVDRO
401019;GEL 1P 0434L KG 110V MFRIO VN44
401020;GEL 1P 0434L KG 220V MFRIO VB43RF PVDRO
401021;GEL 1P 0434L KG 220V MFRIO VN44
401022;GEL 1P 0434L SL 110V MFRIO VN44R
401023;GEL 1P 0434L SL 220V MFRIO VN44R
401024;GEL 1P 0434L SU 110V MFRIO VB43RF
401025;GEL 1P 0434L SU 110V MFRIO VN44
401026;GEL 1P 0434L SU 220V MFRIO VB43RF
401027;GEL 1P 0434L SU 220V MFRIO VN44
401028;GEL 1P 0435L CC 110V ALPUN VRS19
401029;GEL 1P 0550L 220V MFRIO VF55D
401030;GEL 1P 0630L CC 110V MFRIO VB63
401031;GEL 1P 0630L CC 220V MFRIO VB63 CROMO
401032;GEL 1P 300L BV 110V MFRIO VN30
401033;GEL 1P 300L BV 220V MFRIO VN30
401034;GEL 1P 300L HK 110V MFRIO VN30
401035;GEL 1P 300L HK 220V MFRIO VN30
401036;GEL 1P 300L KA 110V MFRIO VN30
401037;GEL 1P 300L KA 220V MFRIO VN30
401038;GEL 1P 300L SL 110V MFRIO VN30
401039;GEL 1P 300L SL 220V MFRIO VN30
401040;GEL 1T 0078L CC 110V TRUE TCM
401041;GEL 1T 0078L CC 220V TRUE TCM
401042;GEL 2P 0126L CC 220V ALPUNTO VRD12
401043;GEL 2P 0290L BV 220V FRICON HORIZ
401044;GEL 2P 0310L BV 220V REUBLY HORIZ
401045;GEL 2P 0385L KA 220V REUBLY HORIZ
401046;GEL 2P 0385L S LOGO 110V REUBLY HORIZ
401047;GEL 2P 0402L KA 220V MFRIO HORIZ
401048;GEL 2P 0420L KA 110V GELOP GVM 57
401049;GEL 2P 0420L KG 110V GELOP GVM 57
401050;GEL 2P 0420L KG 220V GELOP GVM 57
401051;GEL 2P 0420L SL 110V GELOP GVM 57
401052;GEL 2P 0420L SL 220V GELOP GVM 57
401053;GEL 2P 0430L BV 220V MFRIO HORIZ
401054;GEL 2P 0430L KA 110V ELECTROLUX HORIZ
401055;GEL 2P 0430L KA 110V FRIGEDAIRE HORIZ
401056;GEL 2P 0430L KA 220V MFRIO HORIZ
401057;GEL 2P 0430L S LOGO 110V MFRIO HORIZ
401058;GEL 2P 0430L S LOGO 220V MFRIO HORIZ
401059;GEL 2P 0570L HK 110V GELOPAR GVM57
401060;GEL 2P 0630L CC 110V MFRIO VB63
401061;GEL 2P 0630L CC 220V MFRIO VB63
401062;GEL 2P 0760L CC 110V IMBERA G3-26
401063;GEL 2P 0760L CC 220V IMBERA G3-26
401064;GEL 2P 1000L BV 110V MFRIO VB99SF
401065;GEL 2P 1000L BV 220V MFRIO VN99
401066;GEL 2P 1000L BP 220V MFRIO VB99SF
401067;GEL 2P 1000L HK 110V MFRIO VB99
401068;GEL 2P 1000L HK 220V MFRIO VB99SF
401069;GEL 2P 1000L HK 220V MFRIO VN99 PRATA
401070;GEL 2P 1000L KA 110V MFRIO VB99
401071;GEL 2P 1000L KA 220V MFRIO VN99
401072;GEL 2P 1000L SL 110V MFRIO VB99SF
401073;GEL 2P 1000L SU 110V MFRIO VB99SF
401074;GEL 2P 1000L SU 220V MFRIO VB99SF
401075;GEL 2T 0410L CC 110V GELOPAR GHDE
401076;GEL 2T 0410L HE 110V GELOPAR GHBV
401077;GEL 2T 0410L KA 110V GELOPAR GHBV
401078;GEL 2T 0410L S LOGO 110V GELOPAR GHDE
401079;GEL 3P 1350L HK 220V IMBERA CCV1350
401080;GEL 3P 2030L CC 220V TRUE GDM72
401081;GEL 4P 0470L CC 110V MFRIO VB32
401082;GEL 4P 0470L DV 220V MFRIO VB32
401083;GEL MP 0097L DV 110V MFRIO VB10
401084;GEL MP 0113L BN 110V MFRIO HB11
401085;GEL MP 0113L BN 220V MFRIO HB11
401086;GEL MP 0113L BV 110V MFRIO HB11
401087;GEL MP 0113L CR 110V MFRIO HB11
401088;GEL MP 0113L CR 220V MFRIO HB11
401089;GEL MP 0113L DV 110V MFRIO HB11
401090;GEL MP 0113L GL 110V MFRIO HB11
401091;GEL MP 0113L HK 110V MFRIO HB11
401092;GEL MP 0113L ML 110V MFRIO HB11
401093;GEL MP 0113L PW 110V MFRIO HB11
401094;GEL MP 0113L SQ 110V MFRIO HB11
401095;GEL MP 0120L KA 110V MFRIO VB12R
401096;GEL MP 0120L SQ 110V MFRIO VB12
401097;POM 6V VENTURE
401098;POM 7V JUMBO
401099;VMC 500 GLASS FRONT ROYAL VISION VENDOR
401100;VMC E804 8B ROYAL G3 CHAMELEON 220V
401101;VMC NECTA SAMBV TOP 220V
401102;VMC R660 12B ROYAL G3 MARKETING 220V
401103;VMC R804 12B ROYAL G3 MARKETING 220V
401104;VMC V21 CHAMELEON 721 VENDO
401105;VMC VUE30 GLASS FRONT VENDO 110V
401106;VMC VUE30 GLASS FRONT VENDO 220V
401107;VMC VUE40 GLASS FRONT VENDO 110V
401108;VMC VUE40 GLASS FRONT VENDO 220V
401109;PRE ENERGIZER 4 220V
401110;PRE EURO 40H 220V
401111;PRE EURO 40H PLUS 110V
401112;PRE EURO 40H PLUS 220V
401113;PRE EURO 70H 220V
401114;PRE EURO MIX 30 220V
401115;PRE EURO MIX 90 220V
401116;PRE GEL CHOPP 14H 220V
401117;PRE JUMBO 220V
401118;PRE-MAQUINA GELO MG 240 220V
401119;PRE-MEMO EXPANSAO SUPER INOX 220V
401120;PRE-MEMO SUPER INOX 220V
401121;PRE-STANDART 220V
401122;PRE TURBO 220V
401123;GEL 1P 0230L KA 110V ALPUN VRS08 LOWCOST
401124;GEL 1P 0230L HK 110V ALPUN VRS08 LOWCOST
401125;CHP 5V TORRE TRAVE
401126;GEL 1P 0434L BP 110V MFRIO VB43RF PVDRO
401127;GEL 1P 0434L SL 110V MFRIO VB43RF PVDRO
401128;GEL 1P 0230L CC 110V GELOP VR08 CCVR 04D
401129;GEL 1P 0420L CC 110V MFRIO VB43 EMS
401130;GEL 1P 0420L CC 110V VENDO VR17
401131;GEL 1P 0420L CC 220V ALPUN VRS16 SANDBLA
401132;GEL 1P 0420L CC 110V ALPUN VRS16 SANDBLA
401133;GEL 1P 0230L CC 110V ALPUN VRS08 CARENAD
401134;GEL 1P 0230L CC 220V ALPUN VRS08 CARENAD
401135;GELT 1P 0434L HK 110V MFRIO VB43RF PVDRO
401136;GELT 1P 0387L HK 220V MFRIO VN44B
401137;GELT 1P 0420L HK 110V MFRIO VB43R
401138;CHPT 2V TORRE GUITARRA HK
401139;GEL 1P 0420L CC 110V ALPUN VRS16 PCEGA
401140;GELT 1P 248L BV 110V MFRIO VN30
401141;GEL 1P 0420L HK 110V ALPUN CCV315 PVIDR
401142;GEL 1P 0420L HK 220V ALPUN CCV315 PCEGA
401143;GEL 1P 0420L HK 220V ALPUN CCV315 PVIDR
401144;GEL 1P 0420L HK 110V ALPUN CCV315 PCEGA
401145;GEL 1P 0420L KA 220V ALPUN CCV315 PCEGA
401146;GEL 1P 0420L KA 110V ALPUN CCV315 PCEGA
401147;GEL 1P 0420L AM 220V ALPUN CCV315 PVIDR
401148;GEL 1P 0420L AM 110V ALPUN CCV315 PVIDR
401149;GEL 1P 0420L AM 220V ALPUN CCV315 PCEGA
401150;GEL 1P 0420L AM 110V ALPUN CCV315 PCEGA
401151;GEL 1P 0420L BA 220V MFRIO VN44 PVIDRO
401152;FOUNTAIN CORNELIUS DROP IN
401153;VENDING ROYAL VENDORS 470 109 002
401154;VENDING VENDO MEXICO 8000
401155;VENDING DIXIE NARCO BEV MAX 4
401156;GEL 1P 0414L BA 220V CARRIER V400
401157;CHP 1V METRO DISPENSER
401158;CHSP CHOPEIRA BCO GELO TURBO
401159;GEL 1P 0110L SL 220V MFRIO HORIZ HB31B
401160;GEL 1P 0180L BN 110V MFRIO EVS1
401161;GEL 1P 0180L BN 220V MFRIO EVS1
401162;GEL 1P 0180L CC 110V MFRIO EVS1
401163;GEL 1P 0180L CC 110V MFRIO EVS2
401164;GEL 1P 0180L CC 220V MFRIO EVS1
401165;GEL 1P 0180L CC 220V MFRIO EVS2
401166;GEL 1P 0180L HK 110V MFRIO EVS1
401167;GEL 1P 0180L HK 220V MFRIO EVS1
401168;GEL 1P 0180L NESTEA 220V MFRIO EVS1
401169;GEL 1P 0290L BURN 220V REUBLY VEVM 51A
401170;GEL 1P 0290L CC 110V REUBLY VEVM 15A
401171;GEL 1P 0290L CC 220V REUBLY VEVM 30A
401172;GEL 1P 0290L CC 110V REUBLY VEVM 44A
401173;GEL 1P 0290L CC 110V REUBLY VEVM 51A
401174;GEL 1P 0290L CC 220V REUBLY VEVM 30A
401175;GELT 1P 0290L CC 220V REUBLY VEVM 44A
401176;GELT 1P 0290L CC 220V REUBLY VEVM 51A
401177;GEL 1P 0300L 220V CC BEVERAGE
401178;GEL 1P 0300L SPRITE 220V PROSD HORIZ
401179;GEL 1P 0315L CC 220V GELOP GAR08C
401180;GEL 1P 0320L KA 220V MFRIO VN29R
401181;GEL 1P 0380L CC 110V VEST FROST ICE COOL
401182;GEL 1P 0380L CC 220V VEST FROST ICE COOL
401183;GEL 1P 0387L CC 220V MFRIO VN44C
401184;GEL 1P 0387L CC 220V MFRIO VN44C
401185;GEL 1P 0387L HK 220V MFRIO VN43R
401186;GEL 1P 0414L BURN 220V CARRIER V400
401187;GEL 1P 0415L CC 220V REUBLY HORIZ
401188;GEL 1P 0415L HK 220V MFRIO HORIZ
401189;GEL 1P 0420L CC 110V GAFA
401190;GEL 1P 0420L CC 110V GAFA ATLANTA
401191;GELT 1P 0420L CC 220V GAFA
401192;GEL 1P 0420L CC 220V GAFA ATLANTA
401193;GEL 1P 0420L CC 220V HORIZ GAFA
401194;GEL 1P 0420L CHARRUA 110V GAFA
401195;GEL 1P 0420L CHARRUA 220V GAFA
401196;GEL 1P 0420L HK 220V HUSSM B ARV570
401197;GEL 1P 0420L KA 110V GAFA
401198;GEL 1P 0420L KA 110V MFRIO VERT VB40R
401199;GEL 1P 0420L KA 220V GAFA
401200;GEL 1P 0420L ML 220V MFRIO VERT VB40R
401201;GEL 1P 0420L NESTEA 220V MFRIO VERT VB40
401202;GEL 1P 0450L CC 220V PROSD HORIZ
401203;GELT 1P 0510L CC 220V MFRIO WORKHORSE
401204;GEL 2P 0250L CC 220V FRICON
401205;GEL 2P 0300L CC 220V MFRIO HORIZ HB30B
401206;GEL 2P 0385L BN 220V REUBLY HORIZ
401207;GELT 2P 0385L CC 220V REUBLY HORIZ
401208;GEL 2P 0415L CC 220V REUBLY HORIZ
401209;GEL 2P 0450L CC 220V PROSD HORIZ
401210;GEL 3P 1000L CC 220V MFRIO VB99R
401211;GEL 4P 0470L CC 110V REUBLY FAST LANE
401212;GEL 4P 0470L CC 220V REUBLY FAST LANE
401213;GEL MP 0097L HK 220V MFRIO VB10
401214;GEL MP 0113L ML 220V MFRIO HB11
401215;GEL MP 0113L SMAIS 220V MFRIO HB11
401216;GEL PP 500L CC 110V TRUE FAST LANE
401217;GEL PP 500L CC 220V TRUE FAST LANE
401218;GELT 1P 0280L CC 220V MFRIO VN28R PVIDRO
401219;GELT 1P 0280L HK 220V MFRIO VN28C
401220;GELT 1P 0300L BANCA 220V MFRIO VB30R
401221;GELT 1P 0300L BN 220V MFRIO VB30RL
401222;GELT 1P 0300L KA 220V MFRIO VB30R
401223;GELT 1P 0300L ML 220V MFRIO VB30R
401224;GELT 1P 0300L PW 220V MFRIO VB30R
401225;GELT 1P 0387L KA 110V MFRIO VN44C
401226;GELT 1P 0420L CC 220V MFRIO VERT VB40R
401227;GELT 1P 0420L HK 110V MFRIO VERT VB40R
401228;GELT 1P 0420L KA 220V MFRIO VERT VB40R
401229;GELT 1P 0550L KA 220V MFRIO VN50R
401230;GELT 1P 300L KA 220V MFRIO VN30
401231;GELT 2P 1000L KA 220V MFRIO VB99
401232;MAQUINA GELO CO630 SCOTSMAN
401233;POM 8V LANCER MOD ICE DISPENSER
401234;POM 8V LANCER MOD STYLLUS
401235;PMSP MOD FREE REFIL BURGER KING
401236;PMSP MOD VANGUARD PORTION CONTROL
401237;PRE-RESFRIADOR CENTROQUIMICA
401238;PRE-RESFRIADOR CORNELIUS
401239;PRET RESFRIADOR GEL CHOPP
401240;PRE-RESFRIADOR LANCER
401241;PRE-RESFRIADOR SERVOMATIC MOD EURO
401242;FREEZER VERT 3P METALFRIO MOD VB99R
401243;GEL 3P 220V CC METALFRIO MOD VB99RT
401244;GEL 1P 220V HK MFRIO MOD WN44R
401245;FREEZER VERT 3P METALFRIO MOD VB99T
401246;PRE-RESFRIADOR SERVOMATIC MOD EURO - 40
401247;PRE-RESFRIADOR SERVOMATIC MOD EURO 90
401248;PRE-RESFRIADOR SERVOMATIC MOD H16
401249;PRE-RESFRIADOR SERVOMATIC MOD EURO 40
401250;PMSPT 4V TORRE UNICORN LANCER 9100 D REM
401251;PRE-RESFRIADORT LANCER 85-999 1Z-73
401252;CHP 1V BCO DE GELO JUMBO
401253;CHP 1V ELETRICA EVOLUTION 12
401254;CHP 2V BCO DE GELO JUMBO
401255;CHPT 1V ELETRICA EVOLUTION MOD12
401256;CHPT 2V ELETRICA MOD 4 IK
401257;GEL 1P 0273L KA 220V MFRIO VN29R
401258;GEL 1P 0280L HK 220V MFRIO VN28F
401259;GELT 1P 0320L SL 220V MFRIO VN29R
401260;GEL 1P 0387L HK 220V GELOP GVC45CS
401261;GELT 1P 0420L HK 220V MFRIO VN44R PVIDRO
401262;GEL 1P 0550L HK 220V MFRIO VN50R
401263;GEL 2P 0450L CC 210V PROSD HORIZ
401264;GEL 2P 1000L KA 220V MFRIO VB99R
401265;GEL 2P 1000L SL 220V MFRIO VB99R
401266;GELT 1P 0230L KA 220V ALPUN CCV144 PVIDR
401267;GELT 1P 0248L PW 220V MFRIO VB30RA
401268;GELT 1P 0300L HK 220V ALPUN VN CCV252
401269;GELT 1P 0330L KA 220V ALPUNTO GVC45
401270;GELT 1P 0420L DV 220V ALPUN VR17
401271;GELT 1P 0420L DV 220V MFRIO VB43R
401272;GELT 1P 0420L KA 220V ALPUN BVC08
401273;GELT 1P 0430L KA 220V MFRIO VN43
401274;GELT 1P 0500L BA 220V FRICON THG 61
401275;GELT 1P 0550L HK 220V MFRIO VN50R
401276;GELT 2P 0300L KA 220V MFRIO HORIZ HB30B
401277;GELT 2P 1000L KA 220V MFRIO VN99R
401278;GELT COOLER BURN GELOPAR GLTA070
401279;GELT MP 0048L BN 220V VENDO MINIVENDING
401280;GELT MP 0250L CC 220V MFRIO VB12
401281;POM 5V CORNELIUS
401282;POMT 6V OLYMPUS COLD MIX PUSH BOTON
401283;POMT 4V JUICE DISPENSER QUEST 4000 SUCO
401284;POMT 4V QUEST ELITE SUCO
401285;PRE-RESFRIADOR EXPSUPER INOX 2S
401286;PRE-RESFRIADOR SERVOMATIC MOD EURO
401287;PRET GEL CHOPP 14H 220V
401288;PRET RESFRIADOR TORRE TRAVE
401289;VMC GF9 GLASS FRONT VENDO 220V
401290;GEL 1P 0420L DV 110V DPSP VRS16 CINZA
401291;GEL 1P 0420L DV 220V DPSP VRS16 CINZA
401292;VMC CRANE GLASS FRONT BEVMAX4 220V
401293;GEL 1P 0230L MO 220V VR08 MONSTER
401294;GEL 1P 0127L MO 220V VR04 MONSTER
401295;GELT 1P 0230L MO 220V VR08 MONSTER
401296;GELT 1P 0127L MO 220V VR04 MONSTER
401297;CHPT 1V EXP SMALL INOX MEMO 110V
401298;CHPT 2V ELETRICA EVOLUTION MOD14L
401299;CHPT 1V TORRE FOUNTAIN HEYCOP HK
401300;CHPT MEMO CX110 HNK 2V 220V HN
401301;CHPT GELCHOPP 4I AMSTEL 2V� 220V
401302;CHPT MEMO CX050 SLIM INOX 1V 110V KA
401303;CHPT TORRE NAJA DOURADA 2V AMSTEL
401304;CHPT 2V EXPANSAO DIRETA INOX AQUA
401305;CHPT 2V EXPANSAO DIRETA INOX AQUA AMSTEL
401306;CHPT 2V EXPANSAO DIRETA INOX VIN SERV HK
401307;CHPT 2V EXPANSAO DIRETA INOX AQUA HK
401308;CHPT GELCHOPP 4IK KAISER 2V� 220V
401309;CHPT GELCHOPP 4I AMSTEL 2V� 220V
401310;CHPT 3V TORRE TRAVE HK
401311;CHPT 2V EXPANSAO DIRETA INOX VIN SERV KA
401312;PRET MEMO EXPANSAO SUPER INOX 220V
401313;POMT 4V COLD MIX SUCO
401314;GELT 1P 0520L PW 220V MFRIO S521
401315;GELT 1P 0420L DV 110V ALPUN VRS16
401316;GEL 1P 0420L DV 110V ALPUN VRS16
401317;GELT 1P 0420L DV 220V ALPUN VRS16
401318;GELT 1P 0420L DV 110V ALPUN�VRS16
401319;GELT 1P 0420L KA 110V ALPUN CCV315 PVIDR
401320;GELT 1P 0420L HK 220V ALPUN CCV315 PCEGA
401321;GELT 1P 0420L HK 110V ALPUN CCV315 PVIDR
401322;GELT 1P 0420L HK 220V ALPUN CCV315 PVIDR
401323;GELT 1P 230L KA 220V FRICON PCEGA VRF284
401324;GELT 1P 0280L KA 220V MFRIO VN28F PCEGA
401325;GELT 1P 0280L KA 220V MFRIO VN28F PCEGA
401326;GELT 1P 0280L KA 110V MFRIO VN28F PCEGA
401327;GELT 1P 284L KA 110V FRICON PCEGA VRF284
401328;GELT 1P 0420L HK 110V ALPUN CCV315 PCEGA
401329;GELT 1P 0230L HK 220V GELOP CCV144
401330;GELT 1P 0230L SL 110V ALPUN CCV144 PVIDR
401331;GELT 1P 0420L BA 110V ALPUN CCV315 PVIDR
401332;GELT 1P 0420L KA 220V ALPUN CCV315 PCEGA
401333;GELT 1P 0230L KA 110V ALPUN CCV144 PVIDR
401334;GELT 1P 0420L KA 110V ALPUN CCV315 PCEGA
401335;GELT 1P 0420L BA 220V ALPUN CCV315 PCEGA
401336;GELT 2P 0430L KA 110V MFRIO HORIZ
401337;GELT 2P 0310L BV 110V REUBLY HORIZ
401338;GELT 2P 1000L CC 110V MFRIO VB99
401339;GELT 1P 0387L KA 220V MFRIO VN44C
401340;GELT 1P 0430L KA 220V MFRIO VN43
401341;GELT 1P 0420L BA 220V MFRIO VN44G PCEGA
401342;GELT 1P 0420L CC 220V MFRIO VB43RL LED
401343;GELT 1P 0430L SL 110V MFRIO VN43
401344;GELT 1P 0430L KA 110V MFRIO VN43
401345;GELT 1P 0320L HK 110V MFRIO VEU DE NOIVA
401346;GELT 1P 0434L BP 110V MFRIO VN43
401347;GELT 1P 0115L HK 110V REUBLY
401348;GELT 1P 0434L BV 110V MFRIO VN43
401349;GELT 1P 0320L KA 110V MFRIO VN29
401350;GELT 1P 0430L SL 220V MFRIO VN43
401351;GELT 1P 0430L SU 220V MFRIO VN43
401352;GELT 1P 0320L HK 220V MFRIO VEU DE NOIVA
401353;GELT 2P 1000L KA 110V MFRIO VB99
401354;GELT 1P 0434L HK 220V MFRIO VB43RF PVDRO
401355;GELT 1P 0420L DV 110V MFRIO VB43R
401356;GELT 1P 0420L DV 220V MFRIO VB43R
401357;GELT 1P 0420L DV 220V MFRIO VB43
401358;GELT 1P 0127L DV 110V MFRIO VB12
401359;GELT 1P 0230L CC 110V GELTOP VR08
401360;GELT MP 0041L BN 110V VENDO VR1.5
401361;GELT MP 0041L BN 220V VENDO VR1.5
401362;GELT 2P 1000L CC 220V MFRIO VB99
401363;GELT 1P 0420L CC 110V MFRIO VERT VB43R
401364;GELT 4P 0470L CC 220V MFRIO VB32 EMS
401365;GELT 2P 0630L CC 220V MFRIO VB63
401366;GELT 2P 0630L CC 110V MFRIO VB63
401367;GELT 1P 0420L DV 110V MFRIO VB43RL LED
401368;GELT 1P 0230L CC 220V GELTOP VR08
401369;GEL 1P 0230L DV 110V ALPUN VR08
401370;GELT 1P 0230L DV 220V ALPUN VR08
401371;GELT 4P 0470L CC 110V MFRIO VB32 EMS
401372;GELT 1P 0420L PW 110V MFRIO VB43
401373;GELT 1P 0420L PW 220V MFRIO VB43RL
401374;GELT 1P 0300L PW 110V MFRIO VB30
401375;GELT 1P 0420L ML 110V MFRIO VB43
401376;GELT 1P 0420L ML 220V MFRIO VB43
401377;GELT 1P 0300L DV 110V MFRIO VB30
401378;GELT 1P 0300L SQ 110V MFRIO VB30
401379;GELT 1P 0300L CC 110V MFRIO VB30
401380;GELT 1P 0300L CC 220V MFRIO VB30
401381;GELT 1P 0300L DV 220V MFRIO VB30
401382;ELT 1P 0420L CC 220V MFRIO VB43RL LED
401383;GELT 1P 0300L CC 110V MFRIO VB30
401384;GELT 1P 0300L ML 110V MFRIO VB30
401385;GELT 1P 0300L ML 220V MFRIO VB30
401386;GELT COOLER BURN GELOPAR GLTA070
401387;GELT 1P 0420L HK 110V ALPUN CCV355
401388;GELT 1P 0230L HK 110V GELTOP CCV144
401389;GELT 1P 0420L HK 220V ALPUN CCV355
401390;GELT1P 0300L CC 220V MFRIO VB30
401391;GELT 1P 0097L HK 220V MFRIO VB10
401392;GELT 1P 0420L HK 110V MFRIO VN44G PVIDRO
401393;GELT 2P 0760L DV 220V IMBERA G3-26
401394;GELT 1P 300L HK 220V MFRIO VN30
401395;GELT 1P 300L HK 110V MFRIO VN30
401396;GELT 1P 0230L CC 110V IMBERA VR08
401397;GELT 2P 0760L CC 220V IMBERA G3-26
401398;GELT 2P 0760L CC 110V IMBERA G3-26
401399;GELT 2P 1000L HK 220V MFRIO VN99
401400;GELT 1P 0230L ML 110V IMBERA VR08
401401;GELT 1P 0230L ML 220V IMBERA VR08
401402;GELT MP 0047L BN 110V ALPUN VR1.5
401403;GELT 1P 0230L PW 110V IMBERA VR08
401404;GELT 1P 0230L PW 110V ALPUN VR08
401405;GELT 1P 0230L PW 220V ALPUN VR08
401406;GELT 1P 0230L CC 220V IMBERA VR08
401407;GELT 1P 300L HK 110V MFRIO VN30
401408;GELT 1P 300L DP 110V MFRIO VN30
401409;GELT 1P 300L DP 220V MFRIO VN30RL PVIDRO
401410;GELT 1P 300L HK 220V MFRIO VN30RL PVIDRO
401411;GELT 1P 0420L PW 220V MFRIO SHOWCASE
401412;GELT 1P 0420L CC 220V MFRIO VERT VB43R
401413;GEL 1P 0420L SQ 220V MFRIO VB43RL
401414;GELT 1P 0230L SQ 220V ALPUN VR08 SLIM
401415;GELT 1P 0280L HK 110V MFRIO VN28R PVIDRO
401416;GELT 1P 0280L HK 110V MFRIO VN28F PCEGA
401417;GELT 1P 0420L CC 220V ALPUN VRS16
401418;GELT MP 0047L BN 220V ALPUN VR1.5
401419;GELT 1P 0434L HK 220V MFRIO VN44C
401420;GELT 1P 0420L HK 220V MFRIO PCEGA VN44G
401421;GELT 1P 0420L HK 220V MFRIO VN44R PVIDRO
401422;GELT 1P 0300L PW 220V MFRIO VB30
401423;GELT 1P 0280L KA 220V MFRIO VN28R PVIDRO
401424;GELT 1P 0420L KA 220V MFRIO VN44G PCEGA
401425;GELT 1P 284L HK 220V FRICON PCEGA VRF284
401426;GELT 1P 0280L HK 220V MFRIO VN28F PCEGA
401427;GELT 1P 0420L HK 220V ALPUN CCV315 PVIDR
401428;GELT 2P 1000L KA 220V MFRIO VN82S
401429;GELT 1P 0230L HK 220V GELOP CCV144 PT
401430;GELT 1P 0230L SL 220V ALPUN CCV144PVIDRO
401431;GELT 1P 0420L AM 220V ALPUN CCV315 PVIDR
401432;GELT 1P 0420L HK 110V ALPUN CCV355 PCEGA
401433;GELT 1P 0280L KA 220V MFRIO VN28F PCEGA
401434;GELT 1P 0280L HK 220V MFRIO VN28R PVIDRO
401435;GELT 1P 0280L BV 110V MFRIO VN28F PCEGA
401436;GELT 1P 0280L HK 110V MFRIO VN28R PVIDR
401437;GELT 1P 0420L HK 110V MFRIO VN44R PVIDRO
401438;GELT 1P 0280L BV 220V MFRIO VN28F PCEGA
401439;GELT 1P 0280L KA 110V MFRIO VN28F PCEGA
401440;POM 6V ENDURO 150 COLDMIX
401441;POM 8V ENDURO 150 COLDMIX
401442;POST-MIX 6V ENDURO 150 COLDMIX
401443;CHPT CLIENTE
401444;PRET GEL CHOPP 14H 220V
401445;POMT CLIENTE
401446;GELT 1P 0497L TG 220V MFRIO VN50 PVIDRO
401447;GELT 1P 0497L TG 110V MFRIO VN50 PVIDRO
401448;GELT 1P 0296L TG 220V MFRIO VN28 PVIDRO
401449;GELT 1P 0296L TG 110V MFRIO VN28 PVIDRO
401450;GELT 1P 0497L TG 220V MFRIO VN50 PCEGA
401451;GELT 1P 0497L TG 110V MFRIO VN50 PCEGA
401452;GELT 1P 0497L TG 110V MFRIO VN50A PVIDRO
401453;GELT 1P 0497L TG 220V MFRIO VN50A PVIDRO
401454;GELT 1P 0230L EISEN 110V ALPUN CCV144 CC
401455;GELT 1P 0290L EISEN 110V GELOPAR GCA29CC
401456;GELT 1P 0296L EISEN 110V MTFR VN28RCB CC
401457;GELT 1P 0230L EISEN 220V ALPUN CCV144 CC
401458;GELT 1P 0290L EISEN 220V GELOPAR GCA29CC
401459;GELT 1P 0296L EISEN 220V MTFR VN28RCD CC
401460;GELT 1P 0555L EISEN 110V ALPUN CCV355 CC
401461;GELT 1P 0572L EISEN 110V GELOPAR GCA57CC
401462;GELT 1P 0497L EISEN 110V MTFR VN50RCB CC
401463;GELT 1P 0555L EISEN 220V ALPUN CCV355 CC
401464;GELT 1P 0572L EISEN 220V GELOPAR GCA57CC
401465;GELT 1P 0497L EISEN 220V MTFR VN50RCD CC
401466;GELT 1P 0230L EISEN 110V ALPUN CCV144 PC
401467;GELT 1P 0296L EISEN 110V MTFR VN28AFB PC
401468;GELT 1P 0230L EISEN 220V ALPUN CCV144 PC
401469;GELT 1P 0296L EISEN 220V MTFR VN28AFD PC
401470;GELT 1P 0555L EISEN 110V ALPUN CCV355 PC
401471;GELT 1P 0497L EISEN 110V MTFR VN50AFB PC
401472;GELT 1P 0555L EISEN 220V ALPUN CCV355 PC
401473;GELT 1P 0497L EISEN 220V MTFR VN50AFD PC
401474;GELT 1P 0230L EISEN 110V ALPUN CCV144 PV
401475;GELT 1P 0296L EISEN 110V MTFR VN28AHB PV
401476;GELT 1P 0230L EISEN 220V ALPUN CCV144 PV
401477;GELT 1P 0296L EISEN 220V MTFR VN28AHD PV
401478;GELT 1P 0555L EISEN 110V ALPUN CCV355 PV
401479;GELT 1P 0497L EISEN 110V MTFR VN50AHB PV
401480;GELT 1P 0555L EISEN 220V ALPUN CCV355 PV
401481;GELT 1P 0497L EISEN 220V MTFR VN50AHD PV
401482;GELT 1P 0038L EISEN 110V MTFR VB05SLB PV
401483;GELT 1P 0038L EISEN 220V MTFR VB05SLD PV
401484;GELT 1P 0097L EISEN 110V MTFR VB11RLB PV
401485;GELT 1P 0097L EISEN 220V MTFR VB11RLD PV
401486;CHPT 2V EISEN 220V AI ELETRICA
401487;CHPT 1V EISEN 220V ELETR DELIVERY
401488;CHPT 2V EISEN 110V ELETR NAJA
401489;CHPT 1V EISEN 110V ELETR SMALL
401490;CHPT TORRE LOCOMOTIVA EISEN
401491;CHPT 1V EISEN 220V ELETR 50L
401492;CHPT 2V EISEN 220V ELETR 90L
401493;CHPT 2V EISEN 110V ELETR FIBRA
401494;CHPT 1V EISEN 110V ELETR DELIVERY
401495;CHPT 2V TIGER 220V ELETR EVENTOS 110L
401496;CHPT 1V EISEN 110V ELETR FIBRA
401497;CHPT 2V EXCLUSIVA AMSTEL
401498;CHPT 2V EXCLUSIVA AMSTEL
401499;GELT MP 0041L BN 220V VENDO VR1.5 C CAR
401500;GELT 1P 284L KA 220V FRICON PCEGA VRF284
401501;GELT 1P 284L KA 220V FRICON PCEGA VRF284
401502;GELT 1P 284L KA 220V FRICON PCEGA VRF284
401503;GELT 1P 284L KA 220V FRICON PCEGA VRF284
401504;GELT 1P 284L KA 220V FRICON PCEGA VRF284
401505;CHPT 2V EXCLUSIVA AMSTEL
401506;CHP 2V EXCLUSIVA AMSTEL
401507;CHPT 1V EXTRA COLD HK
401508;CHPT 1V TORRE CILINDRICA KAISER
401509;CHPT 1V TORRE EXTRA COLD CELLI HK
401510;CHPT 1V TORRE XTREME DRAUGHT
401511;CHPT 2V EXTRA COLD HK
401512;CHPT 2V TORRE EXTRA COLD KAISER
401513;CHPT MEMO CX070 HNK 2V 220V HN
401514;GEL 1P 0230L CC 220V ALPUN VR08 SMARTC
401515;GEL 1P 0420L CC 220V ALPUN VRS16 SMARTC
401516;GEL 1P 0420L CR 110V DPSP VRS16 CINZA
401517;GEL 1P 0420L CR 110V DPSP VRS16 CINZA
401518;GEL 1P 0420L CR 220V DPSP VRS16 CINZA
401519;GEL 1P 0450L EG 110V ALPUN CCV315 ST CAR
401520;GEL 1P 0450L EG 220V ALPUN CCV315 ST CAR
401521;GEL 1P 0450L TH 110V ALPUN CCV315 ST CAR
401522;GEL 1P 0450L TH 220V ALPUN CCV315 ST CAR
401523;GELT 1P 0097L SQ 110V MFRIO VB10
401524;GELT 1P 0097L SQ 220V MFRIO VB10
401525;GELT 1P 0127L DV 220V MFRIO VB12
401526;GELT 1P 0127L KP 110V MFRIO VB12
401527;GELT 1P 0127L ML 220V MFRIO VB12
401528;GELT 1P 0150L EISEN 220V MFRIO VERT VD P
401529;GELT 1P 0230L CCL 220V GELTOP VR08
401530;GELT 1P 0230L CR 110V GELTOP VR08
401531;GELT 1P 0230L EISEN 110V ALPUN SLIM PCVN
401532;GELT 1P 0230L ML 220V ALPUN VR08
401533;GELT 1P 0233L MO 110V ALPUN EVC07
401534;GELT 1P 0233L MO 220V ALPUN EVC07
401535;GELT 1P 0240L CC 220V ALPUN EVC07 VBGN
401536;GELT 1P 0280L BD 220V MFRIO VN28 PVIDRO
401537;GELT 1P 0280L HK 220V MFRIO VN28F PCEGA
401538;GELT 1P 0280L HK 220V MFRIO VN28R PVIDRO
401539;GELT 1P 0280L KA 110V MFRIO VN28R PVIDRO
401540;GELT 1P 0280L KA 220V MFRIO VN28R PVIDRO
401541;GELT 1P 0290L KA 110V MFRIO VN29
401542;GELT 1P 0320L KA 110V MFRIO VEU DE NOIVA
401543;GELT 1P 0400L ML 110V MFRIO VB40R
401544;GELT 1P 0420L BA 220V MFRIO VN44R PVIDRO
401545;GELT 1P 0420L CC 220V ALPUN VRS16 PCEGA
401546;GELT 1P 0420L HK 110V ALPUN CCV144 LOW
401547;GELT 1P 0420L HK 110V MFRIO VERT
401548;GELT 1P 0420L HK 110V MFRIO VN44F PCEGA
401549;GELT 1P 0420L HK 220V MFRIO VN44F PCEGA
401550;GELT 1P 0420L HK 220V MFRIO VN44R PVIDRO
401551;GELT 1P 0420L KA 110V MFRIO VERT
401552;GELT 1P 0420L KA 220V MFRIO VN44R PVIDRO
401553;GELT 1P 0420L ML 220V MFRIO VERT VB40R
401554;GELT 1P 0420L SL 220V ALPUN CCV315 PVIDR
401555;GELT 1P 0420L SQ 220V MFRIO VB43
401556;GELT 1P 0430L KG 110V MFRIO VN43
401557;GELT 1P 0430L KG 220V MFRIO VN43
401558;GELT 1P 0430L SU 110V MFRIO VN43
401559;GELT 1P 0434L BP 220V MFRIO VN43
401560;GELT 1P 0434L HK 110V MFRIO VN44F
401561;GELT 1P 0434L KA 110V VB43 KAISER
401562;GELT 1P 0497L EISEN 220V MFRIO VERT VN P
401563;GELT 1P 0497L EISEN 220V MFRIO VERT VN P
401564;GELT 1P 0555L KA 220V ALPUN CCV355 PC
401565;GELT 1P 127L DP 110V MFRIO VN12R
401566;GELT 1P 127L DP 220V MFRIO VN12R
401567;GELT 1P 300L KA 110V MFRIO VN30
401568;GELT 2P 0126L HK 220V ALPUNTO VRD12
401569;GELT 2P 0280L BV 110V MFRIO HORIZ
401570;GELT 2P 0290L BV 110V FRICON HORIZ
401571;GELT 2P 0290L BV 220V FRICON HORIZ
401572;GELT 2P 0300L HK 220V ALPUN VRD12
401573;GELT 2P 0310L BV 220V REUBLY HORIZ
401574;GELT 2P 0385L KA 110V REUBLY HORIZ
401575;GELT 2P 0402L KA 110V MFRIO HORIZ
401576;GELT 2P 0450L KA 110V PROSD HORIZ
401577;GELT 2P 1000L BV 110V MFRIO VB99SF
401578;GELT 2P 1000L HK 110V MFRIO VB99
401579;GELT 2P 1000L KA 110V MFRIO VB99S
401580;GELT 2P 1000L KA 220V MFRIO VB99SF
401581;GELT 2P 1000L SL 110V MFRIO VB99SF
401582;GELT 4P 0470L CC 220V MFRIO FAST LANE
401583;GELT 4P 0470L SQ 220V MFRIO VB32 EMS
401584;GELT MP 0048L BN 220V VENDO MINIVENDING
401585;GELT SP 0200L DV 220V GELTOP GAR08 OPEN
900015;CS ORIGINAL 1DSX12UNX24G VSA
900021;OREO ORIGINAL 1DSX8UNX36G VSA
900000;PRODUTO GENERICO
